"region_sido","region_sigungu","doctor_level","treated","shock_year","n_obs","population_median","outcome_mean","pre_mean","post_mean","pre_beta","post_beta","delta_beta","pre_beta_pop_ctrl","post_beta_pop_ctrl","delta_beta_pop_ctrl","control_beta","control_beta_pop_ctrl"
"강원","강릉시","total",TRUE,2018,18,213899,441.666666666667,412.5,478.125,12.3090909090909,-0.702380952380056,-13.0114718614709,13.7786045854772,5.6114606761197,-8.16714390935753,NA,NA
"강원","강릉시","레지던트",TRUE,2018,18,213899,53.7222222222222,63.2,41.875,0.0848484848486888,-6.27380952380947,-6.35865800865816,-0.0905220373347631,-7.51595707939767,-7.42543504206291,NA,NA
"강원","강릉시","인턴",TRUE,2018,18,213899,0.166666666666667,0.2,0.125,-0.0606060606060605,-0.035714285714285,0.0248917748917755,0.125814482175793,0.0686296903170272,-0.0571847918587655,NA,NA
"강원","강릉시","일반의",TRUE,2018,18,213899,19.1111111111111,18.8,19.5,0.0363636363636373,0.857142857142883,0.820779220779246,1.38856161992436,1.74426982330652,0.355708203382167,NA,NA
"강원","강릉시","전문의",TRUE,2018,18,213899,368.666666666667,330.3,416.625,12.2484848484852,4.7499999999997,-7.49848484848546,12.3547505207187,11.3145182418813,-1.04023227883734,NA,NA
"강원","고성군","total",FALSE,NA,18,30043,11.8888888888889,NA,NA,NA,NA,NA,NA,NA,NA,-0.301341589267287,-0.354541239698004
"강원","고성군","일반의",FALSE,NA,18,30043,4.27777777777778,NA,NA,NA,NA,NA,NA,NA,NA,-0.0815273477812104,-0.242085508859838
"강원","고성군","전문의",FALSE,NA,18,30043,7.61111111111111,NA,NA,NA,NA,NA,NA,NA,NA,-0.219814241486068,-0.1124557308381
"강원","동해시","total",TRUE,2020,18,93074,110.666666666667,109.083333333333,113.833333333333,1.20629370629371,-0.485714285714384,-1.69200799200809,0.782124179064503,2.18105109847188,1.39892691940738,NA,NA
"강원","동해시","일반의",TRUE,2020,18,93074,11.3888888888889,12.25,9.66666666666667,-0.031468531468548,0.800000000000008,0.831468531468556,0.4937637609758,-6.03211245120823,-6.52587621218403,NA,NA
"강원","동해시","전문의",TRUE,2020,18,93074,99.2777777777778,96.8333333333333,104.166666666667,1.2377622377623,-1.28571428571422,-2.52347652347652,0.288360418089224,8.21316354966114,7.92480313157192,NA,NA
"강원","삼척시","total",TRUE,2020,18,69056.5,64.7777777777778,63.1666666666667,68,1.39860139860135,-0.742857142857294,-2.14145854145865,1.82125528796973,-4.96543395685803,-6.78668924482776,NA,NA
"강원","삼척시","인턴",TRUE,2020,18,69056.5,0.0555555555555556,0,0.166666666666667,0,-0.142857142857143,-0.142857142857143,0,0.180259690175383,0.180259690175383,NA,NA
"강원","삼척시","일반의",TRUE,2020,18,69056.5,13.9444444444444,14.6666666666667,12.5,-0.111888111888131,-0.485714285714432,-0.373826173826301,-0.561794229016317,-3.31846740137087,-2.75667317235455,NA,NA
"강원","삼척시","전문의",TRUE,2020,18,69056.5,50.7777777777778,48.5,55.3333333333333,1.51048951048956,-0.114285714285815,-1.62477522477538,2.38304951698653,-1.82722624566254,-4.21027576264907,NA,NA
"강원","속초시","total",FALSE,NA,18,82548.5,109.722222222222,NA,NA,NA,NA,NA,NA,NA,NA,1.68937048503612,1.78682214640892
"강원","속초시","일반의",FALSE,NA,18,82548.5,10.3333333333333,NA,NA,NA,NA,NA,NA,NA,NA,-0.181630546955626,-0.310932145344837
"강원","속초시","전문의",FALSE,NA,18,82548.5,99.3888888888889,NA,NA,NA,NA,NA,NA,NA,NA,1.87100103199174,2.0977542917537
"강원","양구군","total",FALSE,NA,18,22281.5,22.7777777777778,NA,NA,NA,NA,NA,NA,NA,NA,0.286893704850392,0.402461484914219
"강원","양구군","일반의",FALSE,NA,18,22281.5,6,NA,NA,NA,NA,NA,NA,NA,NA,0.28482972136223,0.249888777563082
"강원","양구군","전문의",FALSE,NA,18,22281.5,16.7777777777778,NA,NA,NA,NA,NA,NA,NA,NA,0.00206398348813272,0.152572707351128
"강원","양양군","total",FALSE,NA,18,27718,12.4444444444444,NA,NA,NA,NA,NA,NA,NA,NA,-0.146542827657374,-0.155648239530168
"강원","양양군","일반의",FALSE,NA,18,27718,7.16666666666667,NA,NA,NA,NA,NA,NA,NA,NA,-0.201238390092878,-0.140039063132054
"강원","양양군","전문의",FALSE,NA,18,27718,5.27777777777778,NA,NA,NA,NA,NA,NA,NA,NA,0.0546955624355047,-0.0156091763981488
"강원","영월군","total",TRUE,2021,18,40070,42.1111111111111,43,39.8,-0.379120879120894,-0.399999999999997,-0.0208791208791034,-0.443638753634836,-2.26154569672845,-1.81790694309361,NA,NA
"강원","영월군","인턴",TRUE,2021,18,40070,0.222222222222222,0.0769230769230769,0.6,0.0329670329670331,-0.300000000000018,-0.332967032967051,-0.0225221466405921,0.164557810418003,0.187079957058595,NA,NA
"강원","영월군","일반의",TRUE,2021,18,40070,7.77777777777778,8.07692307692308,7,-0.0329670329670312,-1.90000000000006,-1.86703296703303,-0.224094699529143,-2.49372561222653,-2.26963091269739,NA,NA
"강원","영월군","전문의",TRUE,2021,18,40070,34.1111111111111,34.8461538461538,32.2,-0.379120879120886,1.79999999999977,2.17912087912066,-0.197021907465132,0.0676221050820257,0.264644012547158,NA,NA
"강원","원주시","total",TRUE,2018,18,339658,721.944444444444,668.5,788.75,16.0181818181818,1.00000000000175,-15.0181818181801,18.6855046918355,-29.4117191399367,-48.0972238317722,NA,NA
"강원","원주시","레지던트",TRUE,2018,18,339658,118.333333333333,137.6,94.25,-2.48484848484852,-9.64285714285646,-7.15800865800794,2.46146416187351,-31.1150793936275,-33.576543555501,NA,NA
"강원","원주시","인턴",TRUE,2018,18,339658,39.4444444444444,37.4,42,1.60000000000002,-6.59523809523835,-8.19523809523838,4.76964283946408,-10.3556250009819,-15.125267840446,NA,NA
"강원","원주시","일반의",TRUE,2018,18,339658,45.4444444444444,42.5,49.125,-0.381818181818248,3.10714285714286,3.48896103896111,-4.80549505767915,10.0120135000817,14.8175085577609,NA,NA
"강원","원주시","전문의",TRUE,2018,18,339658,518.722222222222,451,603.375,17.2848484848486,14.1309523809533,-3.15389610389535,16.2598927481811,2.04697175458481,-14.2129209935963,NA,NA
"강원","인제군","total",FALSE,NA,18,32078,21.8888888888889,NA,NA,NA,NA,NA,NA,NA,NA,-0.435500515995862,-0.416567209104472
"강원","인제군","일반의",FALSE,NA,18,32078,8.88888888888889,NA,NA,NA,NA,NA,NA,NA,NA,-0.0970072239422092,-0.0980551279124299
"강원","인제군","전문의",FALSE,NA,18,32078,13,NA,NA,NA,NA,NA,NA,NA,NA,-0.338493292053664,-0.318512081192066
"강원","정선군","total",FALSE,NA,18,38445.5,29.3888888888889,NA,NA,NA,NA,NA,NA,NA,NA,-0.24458204334364,-0.229872986983729
"강원","정선군","일반의",FALSE,NA,18,38445.5,9.55555555555556,NA,NA,NA,NA,NA,NA,NA,NA,0.171310629514962,-0.190666490228204
"강원","정선군","전문의",FALSE,NA,18,38445.5,19.8333333333333,NA,NA,NA,NA,NA,NA,NA,NA,-0.415892672858615,-0.0392064967558763
"강원","철원군","total",FALSE,NA,18,47329,37.6666666666667,NA,NA,NA,NA,NA,NA,NA,NA,0.0722394220846282,0.768604846820395
"강원","철원군","레지던트",FALSE,NA,18,47329,0.0555555555555556,NA,NA,NA,NA,NA,NA,NA,NA,0.00722394220846238,0.0192243325579708
"강원","철원군","인턴",FALSE,NA,18,47329,0.0555555555555556,NA,NA,NA,NA,NA,NA,NA,NA,0.0134158926728582,-0.00357118097127681
"강원","철원군","일반의",FALSE,NA,18,47329,7.44444444444444,NA,NA,NA,NA,NA,NA,NA,NA,-0.0474716202270406,0.0498100766861652
"강원","철원군","전문의",FALSE,NA,18,47329,30.1111111111111,NA,NA,NA,NA,NA,NA,NA,NA,0.09907120743034,0.703141618547469
"강원","춘천시","total",FALSE,NA,18,280577,658.277777777778,NA,NA,NA,NA,NA,NA,NA,NA,14.5087719298246,-1.15687486218079
"강원","춘천시","레지던트",FALSE,NA,18,280577,107.666666666667,NA,NA,NA,NA,NA,NA,NA,NA,-1.61197110423112,-5.99908103158808
"강원","춘천시","인턴",FALSE,NA,18,280577,25,NA,NA,NA,NA,NA,NA,NA,NA,0.299277605779151,-3.12907036910349
"강원","춘천시","일반의",FALSE,NA,18,280577,27.0555555555556,NA,NA,NA,NA,NA,NA,NA,NA,0.211558307533548,0.854305579110909
"강원","춘천시","전문의",FALSE,NA,18,280577,498.555555555556,NA,NA,NA,NA,NA,NA,NA,NA,15.6099071207431,7.11697095940267
"강원","태백시","total",FALSE,NA,18,46479,50.4444444444444,NA,NA,NA,NA,NA,NA,NA,NA,0.101135190918472,-0.398324172758007
"강원","태백시","인턴",FALSE,NA,18,46479,0.166666666666667,NA,NA,NA,NA,NA,NA,NA,NA,0.0278637770897828,-0.00152809225871478
"강원","태백시","일반의",FALSE,NA,18,46479,7.94444444444444,NA,NA,NA,NA,NA,NA,NA,NA,0.0216718266253867,-0.538759992591447
"강원","태백시","전문의",FALSE,NA,18,46479,42.3333333333333,NA,NA,NA,NA,NA,NA,NA,NA,0.0515995872033042,0.141963912092335
"강원","평창군","total",FALSE,NA,18,43205,32.3888888888889,NA,NA,NA,NA,NA,NA,NA,NA,0.170278637770897,0.681119487749776
"강원","평창군","인턴",FALSE,NA,18,43205,0.111111111111111,NA,NA,NA,NA,NA,NA,NA,NA,0.020639834881321,-0.0114408253220371
"강원","평창군","일반의",FALSE,NA,18,43205,6.94444444444444,NA,NA,NA,NA,NA,NA,NA,NA,-0.137254901960784,-0.647964548340128
"강원","평창군","전문의",FALSE,NA,18,43205,25.3333333333333,NA,NA,NA,NA,NA,NA,NA,NA,0.28689370485037,1.34052486141189
"강원","홍천군","total",FALSE,NA,18,69810,89.6666666666667,NA,NA,NA,NA,NA,NA,NA,NA,0.462332301341588,0.999634708178617
"강원","홍천군","레지던트",FALSE,NA,18,69810,0.0555555555555556,NA,NA,NA,NA,NA,NA,NA,NA,0.001031991744066,0.0231738438350344
"강원","홍천군","인턴",FALSE,NA,18,69810,0.555555555555556,NA,NA,NA,NA,NA,NA,NA,NA,0.0144478844169232,0.157793049410994
"강원","홍천군","일반의",FALSE,NA,18,69810,12.2222222222222,NA,NA,NA,NA,NA,NA,NA,NA,-0.142414860681112,-0.283378927875614
"강원","홍천군","전문의",FALSE,NA,18,69810,76.8333333333333,NA,NA,NA,NA,NA,NA,NA,NA,0.589267285861727,1.10204674280824
"강원","화천군","total",FALSE,NA,18,24887,21.8888888888889,NA,NA,NA,NA,NA,NA,NA,NA,0.340557275541803,0.365048979187076
"강원","화천군","일반의",FALSE,NA,18,24887,4.94444444444444,NA,NA,NA,NA,NA,NA,NA,NA,-0.201238390092871,-0.115879774190698
"강원","화천군","전문의",FALSE,NA,18,24887,16.9444444444444,NA,NA,NA,NA,NA,NA,NA,NA,0.541795665634679,0.480928753377757
"강원","횡성군","total",TRUE,2018,18,45884,31.2222222222222,31.1,31.375,0.709090909090893,-0.86904761904754,-1.57813852813843,-1.39303829578218,-0.393947007277794,0.999091288504389,NA,NA
"강원","횡성군","일반의",TRUE,2018,18,45884,9.22222222222222,8.9,9.625,0.745454545454522,-0.821428571428869,-1.56688311688339,0.35557048423282,-0.393548761701783,-0.749119245934603,NA,NA
"강원","횡성군","전문의",TRUE,2018,18,45884,22,22.2,21.75,-0.0363636363635927,-0.0476190476190452,-0.0112554112554525,-1.74860878001274,-0.000398245577584882,1.74821053443516,NA,NA
"경남","거제시","total",FALSE,NA,18,239080,227.444444444444,NA,NA,NA,NA,NA,NA,NA,NA,3.2734778121775,2.62068757691896
"경남","거제시","인턴",FALSE,NA,18,239080,0.0555555555555556,NA,NA,NA,NA,NA,NA,NA,NA,0.00103199174406861,-0.00276072535665876
"경남","거제시","일반의",FALSE,NA,18,239080,28.2222222222222,NA,NA,NA,NA,NA,NA,NA,NA,-0.0433436532507764,-0.0354827600213873
"경남","거제시","전문의",FALSE,NA,18,239080,199.166666666667,NA,NA,NA,NA,NA,NA,NA,NA,3.31578947368413,2.65893106229687
"경남","거창군","total",FALSE,NA,18,62933,70.6666666666667,NA,NA,NA,NA,NA,NA,NA,NA,1.04024767801857,1.20537813801159
"경남","거창군","인턴",FALSE,NA,18,62933,0.0555555555555556,NA,NA,NA,NA,NA,NA,NA,NA,0.011351909184726,-0.00076083676267783
"경남","거창군","일반의",FALSE,NA,18,62933,13,NA,NA,NA,NA,NA,NA,NA,NA,-0.00412796697626835,-0.337612386005998
"경남","거창군","전문의",FALSE,NA,18,62933,57.6111111111111,NA,NA,NA,NA,NA,NA,NA,NA,1.03302373581013,1.54375136078026
"경남","고성군","total",TRUE,2013,18,54381.5,59.2777777777778,56.8,60.2307692307692,0.899999999999837,-0.785714285714233,-1.68571428571407,0.139199934397964,0.80624297159006,0.667043037192096,NA,NA
"경남","고성군","레지던트",TRUE,2013,18,54381.5,0.111111111111111,0,0.153846153846154,0,0.0274725274725276,0.0274725274725276,0,0.238715272680239,0.238715272680239,NA,NA
"경남","고성군","일반의",TRUE,2013,18,54381.5,16.2222222222222,20,14.7692307692308,-0.599999999999958,-0.423076923076924,0.176923076923034,-1.49512549436718,-0.413673106183005,1.08145238818417,NA,NA
"경남","고성군","전문의",TRUE,2013,18,54381.5,42.9444444444444,36.8,45.3076923076923,1.49999999999992,-0.390109890109891,-1.89010989010981,1.63432542876491,0.981200805091117,-0.653124623673791,NA,NA
"경남","남해군","total",TRUE,2012,18,44885.5,47.5,51.5,46.3571428571429,2,-0.960439560439555,-2.96043956043956,1.93377101327392,-0.397371808971618,-2.33114282224554,NA,NA
"경남","남해군","일반의",TRUE,2012,18,44885.5,15.6666666666667,20,14.4285714285714,0.399999999999988,-0.373626373626352,-0.77362637362634,0.540427271145614,0.898579631626476,0.358152360480862,NA,NA
"경남","남해군","전문의",TRUE,2012,18,44885.5,31.8333333333333,31.5,31.9285714285714,1.59999999999988,-0.586813186813165,-2.18681318681304,1.39334374212817,-1.29595144059607,-2.68929518272424,NA,NA
"경남","사천시","total",TRUE,2013,18,113358,135.111111111111,128,137.846153846154,2.69999999999937,1.84615384615372,-0.853846153845647,6.51319989833863,3.64432696156329,-2.86887293677534,NA,NA
"경남","사천시","인턴",TRUE,2013,18,113358,0.0555555555555556,0,0.0769230769230769,0,0.021978021978022,0.021978021978022,0,0.0124550194628554,0.0124550194628554,NA,NA
"경남","사천시","일반의",TRUE,2013,18,113358,20,22.6,19,-0.500000000000004,0.203296703296702,0.703296703296707,-0.963711658445966,3.69828454772344,4.6619962061694,NA,NA
"경남","사천시","전문의",TRUE,2013,18,113358,115.055555555556,105.4,118.769230769231,3.19999999999932,1.62087912087916,-1.57912087912016,7.47691155678713,-0.0664126056203635,-7.54332416240749,NA,NA
"경남","산청군","total",TRUE,2013,18,35504,30.8888888888889,31,30.8461538461538,-0.3,0.0109890109890109,0.310989010989011,-0.0447723209791212,0.60236368299859,0.647136003977711,NA,NA
"경남","산청군","인턴",TRUE,2013,18,35504,0.0555555555555556,0,0.0769230769230769,0,0.0109890109890092,0.0109890109890092,0,0.00927113939823317,0.00927113939823317,NA,NA
"경남","산청군","일반의",TRUE,2013,18,35504,12.8888888888889,16.4,11.5384615384615,-0.600000000000389,0.109890109890109,0.709890109890498,-1.23436550407821,-0.366277727775379,0.868087776302829,NA,NA
"경남","산청군","전문의",TRUE,2013,18,35504,17.9444444444444,14.6,19.2307692307692,0.300000000000182,-0.109890109890111,-0.409890109890293,1.18959318309818,0.959370271375777,-0.230222911722407,NA,NA
"경남","의령군","total",TRUE,2013,18,27980,31.1666666666667,32,30.8461538461538,0.50000000000016,-1.62637362637362,-2.12637362637378,-0.284852564759054,-0.254836541252155,0.0300160235068989,NA,NA
"경남","의령군","일반의",TRUE,2013,18,27980,11.7777777777778,16.6,9.92307692307692,-1.09999999999997,-0.489010989011023,0.610989010988947,-1.79584303854358,-1.03816230901702,0.757680729526556,NA,NA
"경남","의령군","전문의",TRUE,2013,18,27980,19.3888888888889,15.4,20.9230769230769,1.59999999999999,-1.13736263736264,-2.73736263736263,1.51099047378414,0.783325767765828,-0.727664706018316,NA,NA
"경남","진주시","total",TRUE,2013,18,340657.5,807.666666666667,709.4,845.461538461538,18.9999999999997,9.23626373626379,-9.76373626373591,-16.593868189733,10.2380505636109,26.8319187533439,NA,NA
"경남","진주시","레지던트",TRUE,2013,18,340657.5,118.777777777778,142.4,109.692307692308,-2.79999999999992,-5.78021978022005,-2.98021978022012,-4.03640890641285,-5.48791100890793,-1.45150210249509,NA,NA
"경남","진주시","인턴",TRUE,2013,18,340657.5,25.5,24.6,25.8461538461538,0.899999999999108,-1.74725274725275,-2.64725274725186,-24.5927753532879,-1.49035071822749,23.1024246350604,NA,NA
"경남","진주시","일반의",TRUE,2013,18,340657.5,43,49.8,40.3846153846154,-2.60000000000007,1.19230769230771,3.79230769230777,-6.2373525081678,1.08020248919544,7.31755499736324,NA,NA
"경남","진주시","전문의",TRUE,2013,18,340657.5,620.388888888889,492.6,669.538461538462,23.4999999999993,15.5714285714286,-7.92857142857067,18.272668578145,16.1361098015508,-2.13655877659419,NA,NA
"경남","창원시","total",TRUE,2011,18,2098341,1731.05555555556,1347.33333333333,1807.8,49.0000000000048,49.7357142857146,0.735714285709754,70.8354730138423,119.884137601608,49.0486645877657,NA,NA
"경남","창원시","레지던트",TRUE,2011,18,2098341,71.9444444444444,65.3333333333333,73.2666666666667,-4.0000000000001,0.657142857142922,4.65714285714302,-5.98504300125605,18.6506087026212,24.6356517038773,NA,NA
"경남","창원시","인턴",TRUE,2011,18,2098341,19.8888888888889,18.3333333333333,20.2,-10.4999999999978,0.767857142857142,11.2678571428549,6.86912626099797,14.4985167965932,7.62939053559524,NA,NA
"경남","창원시","일반의",TRUE,2011,18,2098341,103.222222222222,95,104.866666666667,6.00000000000069,3.61071428571436,-2.38928571428633,6.00000000000138,-19.4415309415277,-25.4415309415291,NA,NA
"경남","창원시","전문의",TRUE,2011,18,2098341,1536,1168.66666666667,1609.46666666667,57.5000000000064,44.7000000000001,-12.8000000000063,63.9513897540997,106.176543043917,42.2251532898173,NA,NA
"경남","통영시","total",FALSE,NA,18,136054,157.777777777778,NA,NA,NA,NA,NA,NA,NA,NA,1.91124871001032,8.16013825153908
"경남","통영시","인턴",FALSE,NA,18,136054,0.222222222222222,NA,NA,NA,NA,NA,NA,NA,NA,0.0288957688338494,0.0528147227684565
"경남","통영시","일반의",FALSE,NA,18,136054,17.6666666666667,NA,NA,NA,NA,NA,NA,NA,NA,0.439628482972123,0.68865689496853
"경남","통영시","전문의",FALSE,NA,18,136054,139.888888888889,NA,NA,NA,NA,NA,NA,NA,NA,1.44272445820441,7.41866663380236
"경남","하동군","total",TRUE,2012,18,49027,45.8888888888889,48,45.2857142857143,0.400000000000001,-1.08131868131868,-1.48131868131868,0.606426388041247,-0.458744773981663,-1.06517116202291,NA,NA
"경남","하동군","일반의",TRUE,2012,18,49027,15.0555555555556,18.5,14.0714285714286,2.00000000000008,-0.419780219780219,-2.41978021978029,2.18211974948435,-1.81270244746003,-3.99482219694437,NA,NA
"경남","하동군","전문의",TRUE,2012,18,49027,30.8333333333333,29.5,31.2142857142857,-1.6,-0.661538461538437,0.938461538461563,-1.5756933614432,1.35395767347847,2.92965103492167,NA,NA
"경남","함안군","total",TRUE,2011,18,66776.5,58,56,58.4,-0.499999999998548,0.371428571428626,0.871428571427174,-99.0998231856907,0.350448219875223,99.4502714055659,NA,NA
"경남","함안군","인턴",TRUE,2011,18,66776.5,0.0555555555555556,0,0.0666666666666667,0,0.0178571428571426,0.0178571428571426,0,0.00359290022876074,0.00359290022876074,NA,NA
"경남","함안군","일반의",TRUE,2011,18,66776.5,12.6666666666667,15.3333333333333,12.1333333333333,-0.499999999999678,0.0714285714285797,0.571428571428258,-7.07332154573177,0.561582380930079,7.63490392666185,NA,NA
"경남","함안군","전문의",TRUE,2011,18,66776.5,45.2777777777778,40.6666666666667,46.2,8.08568955333192e-13,0.282142857142859,0.28214285714205,-92.026501639894,-0.214727061283737,91.8117745786103,NA,NA
"경남","함양군","total",FALSE,NA,18,40208,42.2777777777778,NA,NA,NA,NA,NA,NA,NA,NA,-0.0278637770897841,0.280664000996123
"경남","함양군","인턴",FALSE,NA,18,40208,0.111111111111111,NA,NA,NA,NA,NA,NA,NA,NA,0.00619195046439588,-0.0226257056020264
"경남","함양군","일반의",FALSE,NA,18,40208,15.3333333333333,NA,NA,NA,NA,NA,NA,NA,NA,-0.44994840041278,-0.387037173538359
"경남","함양군","전문의",FALSE,NA,18,40208,26.8333333333333,NA,NA,NA,NA,NA,NA,NA,NA,0.415892672858612,0.690326880136654
"경남","합천군","total",FALSE,NA,18,47513,53.4444444444444,NA,NA,NA,NA,NA,NA,NA,NA,-0.487100103199179,0.30880185898765
"경남","합천군","인턴",FALSE,NA,18,47513,0.0555555555555556,NA,NA,NA,NA,NA,NA,NA,NA,0.00928792569659476,0.000301205500082988
"경남","합천군","일반의",FALSE,NA,18,47513,16.7222222222222,NA,NA,NA,NA,NA,NA,NA,NA,-0.560371517027864,-2.68176164537148
"경남","합천군","전문의",FALSE,NA,18,47513,36.6666666666667,NA,NA,NA,NA,NA,NA,NA,NA,0.0639834881320975,2.99026229885921
"경북","경주시","total",TRUE,2011,18,258677.5,344.833333333333,321,349.6,8.49999999999715,-0.864285714285713,-9.36428571428287,19.6771625007773,6.16557406865952,-13.5115884321177,NA,NA
"경북","경주시","레지던트",TRUE,2011,18,258677.5,34.3888888888889,46.6666666666667,31.9333333333333,-6.99999999999454,-2.59642857142852,4.40357142856602,12.3737483347065,-7.32905181585174,-19.7028001505582,NA,NA
"경북","경주시","인턴",TRUE,2011,18,258677.5,0.333333333333333,2,0,-2.99999999999808,0,2.99999999999808,1.47086500031853,0,-1.47086500031853,NA,NA
"경북","경주시","일반의",TRUE,2011,18,258677.5,37.8333333333333,38,37.8,6.50000000000173,0.296428571428558,-6.20357142857317,-0.20629750048824,4.19472519751096,4.4010226979992,NA,NA
"경북","경주시","전문의",TRUE,2011,18,258677.5,272.277777777778,234.333333333333,279.866666666667,11.9999999999936,1.43571428571431,-10.5642857142793,6.03884666623242,9.29990068700204,3.26105402076962,NA,NA
"경북","고령군","total",TRUE,2022,18,34012.5,28.6666666666667,29.5,25.75,0.384615384615386,0.299999999999999,-0.0846153846153866,1.1059479464108,2.09483093095997,0.98888298454917,NA,NA
"경북","고령군","일반의",TRUE,2022,18,34012.5,7.61111111111111,7.35714285714286,8.5,-0.138461538461537,-0.199999999999979,-0.0615384615384418,-0.572874529846406,0.8293435727842,1.40221810263061,NA,NA
"경북","고령군","전문의",TRUE,2022,18,34012.5,21.0555555555556,22.1428571428571,17.25,0.523076923076928,0.5,-0.0230769230769283,1.67882247625723,1.26548735817605,-0.413335118081179,NA,NA
"경북","구미시","total",TRUE,2011,18,414887,507.833333333333,409.666666666667,527.466666666667,25.0000000000005,6.8,-18.2000000000005,45.13416521928,10.9375924351191,-34.1965727841608,NA,NA
"경북","구미시","레지던트",TRUE,2011,18,414887,7.05555555555556,1.66666666666667,8.13333333333333,-0.500000000000232,0.150000000000008,0.65000000000024,0.415189328148972,0.752824867438235,0.337635539289262,NA,NA
"경북","구미시","인턴",TRUE,2011,18,414887,1.33333333333333,1.33333333333333,1.33333333333333,1.00000000000005,-0.296428571428572,-1.29642857142862,2.83037865629851,-0.353225241371275,-3.18360389766978,NA,NA
"경북","구미시","일반의",TRUE,2011,18,414887,27.7777777777778,29,27.5333333333333,3.50000000000036,-0.0678571428572655,-3.56785714285762,6.24556798444781,-0.324108228688623,-6.56967621313644,NA,NA
"경북","구미시","전문의",TRUE,2011,18,414887,471.666666666667,377.666666666667,490.466666666667,21.0000000000063,7.01428571428572,-13.9857142857206,35.6430292504119,10.8621010377413,-24.7809282126706,NA,NA
"경북","군위군","total",FALSE,NA,18,24122.5,18.0555555555556,NA,NA,NA,NA,NA,NA,NA,NA,-0.20330237358102,-0.156674414719891
"경북","군위군","인턴",FALSE,NA,18,24122.5,0.166666666666667,NA,NA,NA,NA,NA,NA,NA,NA,0.0299277605779153,-0.00904807565548918
"경북","군위군","일반의",FALSE,NA,18,24122.5,8.27777777777778,NA,NA,NA,NA,NA,NA,NA,NA,-0.036119711042311,-0.520252235053264
"경북","군위군","전문의",FALSE,NA,18,24122.5,9.61111111111111,NA,NA,NA,NA,NA,NA,NA,NA,-0.197110423116604,0.37262589598892
"경북","김천시","total",TRUE,2011,18,137785.5,167.722222222222,144,172.466666666667,1.00000000000002,2.48214285714294,1.48214285714291,3.44127864504177,2.46100527061512,-0.98027337442665,NA,NA
"경북","김천시","인턴",TRUE,2011,18,137785.5,0.111111111111111,0,0.133333333333333,0,0.025000000000001,0.025000000000001,0,0.0248530359959998,0.0248530359959998,NA,NA
"경북","김천시","일반의",TRUE,2011,18,137785.5,14.8888888888889,13.6666666666667,15.1333333333333,-1.50000000000027,0.246428571428558,1.74642857142883,2.97567751592216,0.251940896745846,-2.72373661917631,NA,NA
"경북","김천시","전문의",TRUE,2011,18,137785.5,152.722222222222,130.333333333333,157.2,2.50000000000056,2.21071428571432,-0.28928571428624,0.465601129128043,2.18421133787325,1.7186102087452,NA,NA
"경북","문경시","total",FALSE,NA,18,73998,99.9444444444444,NA,NA,NA,NA,NA,NA,NA,NA,0.223942208462337,2.52556146692185
"경북","문경시","일반의",FALSE,NA,18,73998,16.6111111111111,NA,NA,NA,NA,NA,NA,NA,NA,0.147574819401441,1.18304500692137
"경북","문경시","전문의",FALSE,NA,18,73998,83.3333333333333,NA,NA,NA,NA,NA,NA,NA,NA,0.0763673890608808,1.34251646000035
"경북","봉화군","total",FALSE,NA,18,33399,24.7222222222222,NA,NA,NA,NA,NA,NA,NA,NA,-0.168214654282767,0.0262631236811393
"경북","봉화군","일반의",FALSE,NA,18,33399,12.6111111111111,NA,NA,NA,NA,NA,NA,NA,NA,0.0154798761609894,-0.138099861299509
"경북","봉화군","전문의",FALSE,NA,18,33399,12.1111111111111,NA,NA,NA,NA,NA,NA,NA,NA,-0.183694530443734,0.16436298498075
"경북","상주시","total",FALSE,NA,18,101373,116.777777777778,NA,NA,NA,NA,NA,NA,NA,NA,0.635706914344666,4.43015508116404
"경북","상주시","인턴",FALSE,NA,18,101373,0.444444444444444,NA,NA,NA,NA,NA,NA,NA,NA,0.0804953560371503,0.0558193522452952
"경북","상주시","일반의",FALSE,NA,18,101373,17.6666666666667,NA,NA,NA,NA,NA,NA,NA,NA,-0.410732714138263,-0.731606031164459
"경북","상주시","전문의",FALSE,NA,18,101373,98.6666666666667,NA,NA,NA,NA,NA,NA,NA,NA,0.965944272445818,5.1059417600824
"경북","성주군","total",TRUE,2011,18,45002.5,45.1111111111111,36.6666666666667,46.8,0.999999999999951,-0.264285714285669,-1.26428571428562,1.28969920427731,2.27791885907534,0.988219654798023,NA,NA
"경북","성주군","인턴",TRUE,2011,18,45002.5,0.222222222222222,0,0.266666666666667,0,0.0464285714285728,0.0464285714285728,0,0.0478702263298607,0.0478702263298607,NA,NA
"경북","성주군","일반의",TRUE,2011,18,45002.5,11.7222222222222,13,11.4666666666667,2.49999999999856,0.0499999999999998,-2.44999999999856,2.06545119358235,-0.342404090641348,-2.4078552842237,NA,NA
"경북","성주군","전문의",TRUE,2011,18,45002.5,33.1666666666667,23.6666666666667,35.0666666666667,-1.50000000000012,-0.360714285714335,1.13928571428579,-0.775751989306884,2.57245272338717,3.34820471269405,NA,NA
"경북","안동시","total",TRUE,2021,18,166786,307.444444444444,301.615384615385,322.6,8.62087912087922,-2.00000000000048,-10.6208791208797,11.5134289299319,11.5869190831122,0.0734901531803427,NA,NA
"경북","안동시","인턴",TRUE,2021,18,166786,0.5,0.538461538461538,0.4,-0.0769230769230773,-0.199999999999965,-0.123076923076888,-0.0331666763615464,-0.298549902664217,-0.26538322630267,NA,NA
"경북","안동시","일반의",TRUE,2021,18,166786,22.3888888888889,23.3846153846154,19.8,-0.461538461538461,0.0999999999999719,0.561538461538433,-0.841089259228578,0.984276144953478,1.82536540418206,NA,NA
"경북","안동시","전문의",TRUE,2021,18,166786,284.555555555556,277.692307692308,302.4,9.15934065934065,-1.90000000000001,-11.0593406593407,12.3876848655213,10.9011928408216,-1.48649202469975,NA,NA
"경북","영덕군","total",FALSE,NA,18,38790.5,39.7222222222222,NA,NA,NA,NA,NA,NA,NA,NA,0.0732714138286852,-0.78729485969692
"경북","영덕군","인턴",FALSE,NA,18,38790.5,0.166666666666667,NA,NA,NA,NA,NA,NA,NA,NA,0.0299277605779164,-0.0292700423988926
"경북","영덕군","일반의",FALSE,NA,18,38790.5,9,NA,NA,NA,NA,NA,NA,NA,NA,0.00206398348813146,-1.14963585691385
"경북","영덕군","전문의",FALSE,NA,18,38790.5,30.5555555555556,NA,NA,NA,NA,NA,NA,NA,NA,0.0412796697626429,0.391611039616108
"경북","영양군","total",FALSE,NA,18,17596,11.2777777777778,NA,NA,NA,NA,NA,NA,NA,NA,-0.265221878224974,-0.34593058815365
"경북","영양군","인턴",FALSE,NA,18,17596,0.222222222222222,NA,NA,NA,NA,NA,NA,NA,NA,0.0515995872033018,-0.146025092314019
"경북","영양군","일반의",FALSE,NA,18,17596,5.33333333333333,NA,NA,NA,NA,NA,NA,NA,NA,-0.0536635706914341,-0.379726725958875
"경북","영양군","전문의",FALSE,NA,18,17596,5.72222222222222,NA,NA,NA,NA,NA,NA,NA,NA,-0.263157894736838,0.179821230119043
"경북","영주시","total",TRUE,2021,18,108809,122.055555555556,115.384615384615,139.4,4.20329670329666,-5.80000000000093,-10.0032967032976,4.93940934733808,-2.47275306293812,-7.4121624102762,NA,NA
"경북","영주시","일반의",TRUE,2021,18,108809,17.8888888888889,17.2307692307692,19.6,0.516483516483515,-3.09999999999966,-3.61648351648317,0.712075202495219,-8.24167673400157,-8.95375193649679,NA,NA
"경북","영주시","전문의",TRUE,2021,18,108809,104.166666666667,98.1538461538462,119.8,3.68681318681323,-2.70000000000035,-6.38681318681358,4.2273341448422,5.76892367106105,1.54158952621884,NA,NA
"경북","영천시","total",TRUE,2011,18,101341.5,130,125,131,4.00000000000032,0.3357142857143,-3.66428571428602,-3.62014351864869,0.140704024460033,3.76084754310873,NA,NA
"경북","영천시","인턴",TRUE,2011,18,101341.5,0.333333333333333,0,0.4,0,-0.0964285714285715,-0.0964285714285715,0,-0.155185798665512,-0.155185798665512,NA,NA
"경북","영천시","일반의",TRUE,2011,18,101341.5,12.4444444444444,12,12.5333333333333,-0.500000000000697,0.425000000000014,0.925000000000711,-4.31007175932448,0.756740471225457,5.06681223054993,NA,NA
"경북","영천시","전문의",TRUE,2011,18,101341.5,117.222222222222,113,118.066666666667,4.49999999999715,0.0071428571428599,-4.49285714285429,0.689928240678327,-0.46085064809998,-1.15077888877831,NA,NA
"경북","예천군","total",TRUE,2021,18,48623,45.9444444444444,43.4615384615385,52.4,1.52747252747254,-1.70000000000011,-3.22747252747265,1.18872512096427,-2.65046869144434,-3.83919381240861,NA,NA
"경북","예천군","일반의",TRUE,2021,18,48623,13,11.8461538461538,16,-0.0439560439560369,-1.59999999999997,-1.55604395604393,-0.400768578737338,-2.60947751174052,-2.20870893300318,NA,NA
"경북","예천군","전문의",TRUE,2021,18,48623,32.9444444444444,31.6153846153846,36.4,1.57142857142858,-0.100000000000001,-1.67142857142858,1.58949369970157,-0.0409911797029209,-1.63048487940449,NA,NA
"경북","울릉군","total",FALSE,NA,18,9988,16.3333333333333,NA,NA,NA,NA,NA,NA,NA,NA,0.016511867905061,0.483993743403948
"경북","울릉군","인턴",FALSE,NA,18,9988,0.166666666666667,NA,NA,NA,NA,NA,NA,NA,NA,0.0443756449948398,0.0752638186074496
"경북","울릉군","일반의",FALSE,NA,18,9988,2.77777777777778,NA,NA,NA,NA,NA,NA,NA,NA,0.090815273477818,-0.220116908168937
"경북","울릉군","전문의",FALSE,NA,18,9988,13.3888888888889,NA,NA,NA,NA,NA,NA,NA,NA,-0.11867905056758,0.628846832965492
"경북","울진군","total",FALSE,NA,18,51356,48.1111111111111,NA,NA,NA,NA,NA,NA,NA,NA,0.885448916408602,1.97791765790034
"경북","울진군","인턴",FALSE,NA,18,51356,0.0555555555555556,NA,NA,NA,NA,NA,NA,NA,NA,0.013415892672857,-0.013958193603039
"경북","울진군","일반의",FALSE,NA,18,51356,8.66666666666667,NA,NA,NA,NA,NA,NA,NA,NA,0.262125902992776,-0.148224629553593
"경북","울진군","전문의",FALSE,NA,18,51356,39.3888888888889,NA,NA,NA,NA,NA,NA,NA,NA,0.609907120743047,2.14010048105693
"경북","의성군","total",TRUE,2021,18,53744,59.5,60.3076923076923,57.4,0.324175824175825,-2.69999999999976,-3.02417582417558,3.31936478203627,-4.73107747328465,-8.05044225532092,NA,NA
"경북","의성군","인턴",TRUE,2021,18,53744,0.444444444444444,0.0769230769230769,1.4,0.0329670329670331,-0.199999999999998,-0.232967032967031,0.181492695658178,0.811451193613161,0.629958497954983,NA,NA
"경북","의성군","일반의",TRUE,2021,18,53744,18.4444444444444,18,19.6,-0.521978021978022,-1.30000000000002,-0.778021978021998,3.96827595404264,-2.39650637566216,-6.3647823297048,NA,NA
"경북","의성군","전문의",TRUE,2021,18,53744,40.6111111111111,42.2307692307692,36.4,0.813186813186812,-1.2,-2.01318681318682,-0.830403867662245,-3.14602229123683,-2.31561842357458,NA,NA
"경북","청송군","total",FALSE,NA,18,26153.5,31.5555555555556,NA,NA,NA,NA,NA,NA,NA,NA,0.185758513931889,1.2180505120479
"경북","청송군","인턴",FALSE,NA,18,26153.5,0.111111111111111,NA,NA,NA,NA,NA,NA,NA,NA,0.020639834881321,0.0152123870323021
"경북","청송군","일반의",FALSE,NA,18,26153.5,8.05555555555556,NA,NA,NA,NA,NA,NA,NA,NA,-0.071207430340557,-1.12318726773094
"경북","청송군","전문의",FALSE,NA,18,26153.5,23.3888888888889,NA,NA,NA,NA,NA,NA,NA,NA,0.236326109391119,2.32602539274661
"경북","포항시 남구","total",TRUE,2015,18,243608.5,360.555555555556,275.857142857143,414.454545454545,10.7142857142863,14.9818181818181,4.26753246753178,9.36191375816963,17.0459976536416,7.68408389547201,NA,NA
"경북","포항시 남구","레지던트",TRUE,2015,18,243608.5,9.61111111111111,12.5714285714286,7.72727272727273,-0.607142857142748,-0.627272727272727,-0.0201298701299795,-1.03213841014893,-0.0171920663896126,1.01494634375931,NA,NA
"경북","포항시 남구","인턴",TRUE,2015,18,243608.5,0.833333333333333,0,1.36363636363636,0,0.272727272727275,0.272727272727275,0,0.503256575553512,0.503256575553512,NA,NA
"경북","포항시 남구","일반의",TRUE,2015,18,243608.5,17.2777777777778,20,15.5454545454545,-0.892857142857138,0.445454545454565,1.3383116883117,1.24714857855525,-3.13569713441306,-4.38284571296831,NA,NA
"경북","포항시 남구","전문의",TRUE,2015,18,243608.5,332.833333333333,243.285714285714,389.818181818182,12.2142857142861,14.8909090909095,2.67662337662339,9.14690358976463,19.6956302788923,10.5487266891277,NA,NA
"경북","포항시 북구","total",TRUE,2015,18,270790.5,420.111111111111,417,422.090909090909,13.3214285714302,0.245454545454654,-13.0759740259755,4.88327981535916,0.540389968658368,-4.34288984670079,NA,NA
"경북","포항시 북구","레지던트",TRUE,2015,18,270790.5,9.05555555555556,21.5714285714286,1.09090909090909,-2.17857142857147,-0.545454545454557,1.63311688311692,-5.67289269880242,-0.491603247090322,5.1812894517121,NA,NA
"경북","포항시 북구","인턴",TRUE,2015,18,270790.5,0.222222222222222,0.285714285714286,0.181818181818182,-0.214285714285711,0.0454545454545448,0.259740259740256,0.215770667860657,0.0193710722136408,-0.196399595647017,NA,NA
"경북","포항시 북구","일반의",TRUE,2015,18,270790.5,27.5555555555556,26,28.5454545454545,-0.857142857142868,0.681818181818193,1.53896103896106,-4.81913148514189,0.858027633706792,5.67715911884868,NA,NA
"경북","포항시 북구","전문의",TRUE,2015,18,270790.5,383.277777777778,369.142857142857,392.272727272727,16.571428571429,0.0636363636363636,-16.5077922077926,15.1595333314193,0.154594509827807,-15.0049388215915,NA,NA
"광주","광산구","total",TRUE,2015,18,397011,626.444444444444,509.142857142857,701.090909090909,34.428571428573,12.6363636363638,-21.7922077922092,35.8878794311578,14.8521632863553,-21.0357161448026,NA,NA
"광주","광산구","레지던트",TRUE,2015,18,397011,21.7222222222222,27.5714285714286,18,0.428571428571339,-2.89090909090908,-3.31948051948042,-1.00031175848994,-2.16702662474257,-1.16671486625263,NA,NA
"광주","광산구","인턴",TRUE,2015,18,397011,6.27777777777778,10,3.90909090909091,0.57142857142874,-0.0454545454545639,-0.616883116883304,0.229599234514005,0.466408686709066,0.236809452195061,NA,NA
"광주","광산구","일반의",TRUE,2015,18,397011,35.2222222222222,31.7142857142857,37.4545454545455,2.71428571428549,1.24545454545453,-1.46883116883096,-6.23649049182918,-0.774845715525669,5.46164477630351,NA,NA
"광주","광산구","전문의",TRUE,2015,18,397011,563.222222222222,439.857142857143,641.727272727273,30.7142857142884,14.3272727272731,-16.3870129870153,42.8950824469574,17.3276269399144,-25.567455507043,NA,NA
"광주","남구","total",TRUE,2015,18,216311.5,440.777777777778,367.142857142857,487.636363636364,8.92857142857034,7.18181818181816,-1.74675324675218,15.9001903254231,9.33835527353911,-6.56183505188402,NA,NA
"광주","남구","레지던트",TRUE,2015,18,216311.5,38.3888888888889,50,31,-2.82142857142854,-3.70909090909063,-0.887662337662094,0.272485973834322,-4.80687747270692,-5.07936344654124,NA,NA
"광주","남구","인턴",TRUE,2015,18,216311.5,7.61111111111111,7.42857142857143,7.72727272727273,-0.428571428572115,0.0181818181818237,0.446753246753939,1.93694606241819,1.16353972461576,-0.773406337802431,NA,NA
"광주","남구","일반의",TRUE,2015,18,216311.5,20.5,17.7142857142857,22.2727272727273,0.535714285714261,0.727272727272751,0.19155844155849,-0.468770217609529,0.732343354085342,1.20111357169487,NA,NA
"광주","남구","전문의",TRUE,2015,18,216311.5,374.277777777778,292,426.636363636364,11.6428571428576,10.1454545454545,-1.49740259740315,14.1595285067759,12.2493496675453,-1.91017883923058,NA,NA
"광주","동구","total",TRUE,2015,18,103959.5,934.833333333333,920.714285714286,943.818181818182,6.35714285714223,-7.42727272727269,-13.7844155844149,19.6283116098846,-29.5131002271491,-49.1414118370336,NA,NA
"광주","동구","레지던트",TRUE,2015,18,103959.5,296.5,344.714285714286,265.818181818182,-1.07142857142859,-19.2181818181818,-18.1467532467533,-0.429400175755426,-37.1998618804835,-36.7704617047281,NA,NA
"광주","동구","인턴",TRUE,2015,18,103959.5,63.5555555555556,70.7142857142857,59,-8.42857142857147,0.563636363636247,8.99220779220772,-0.924932954293568,-0.658336790541254,0.266596163752315,NA,NA
"광주","동구","일반의",TRUE,2015,18,103959.5,16.7777777777778,15.8571428571429,17.3636363636364,-1.50000000000014,0.854545454545383,2.35454545454553,-3.82142504637747,1.64399383343669,5.46541887981416,NA,NA
"광주","동구","전문의",TRUE,2015,18,103959.5,558,489.428571428571,601.636363636364,17.3571428571438,10.3727272727274,-6.98441558441643,24.8040697863265,6.70110461044001,-18.1029651758865,NA,NA
"광주","북구","total",TRUE,2015,18,440419.5,668.666666666667,540.714285714286,750.090909090909,22.5357142857138,16.390909090909,-6.14480519480487,19.2220144958106,-0.146894605458861,-19.3689091012695,NA,NA
"광주","북구","일반의",TRUE,2015,18,440419.5,33.7777777777778,21.8571428571429,41.3636363636364,0.678571428571565,1.16363636363629,0.485064935064729,1.54037555715754,-1.86490106051825,-3.40527661767579,NA,NA
"광주","북구","전문의",TRUE,2015,18,440419.5,634.888888888889,518.857142857143,708.727272727273,21.8571428571403,15.2272727272726,-6.62987012986774,17.6816389386601,1.71800645506623,-15.9636324835939,NA,NA
"광주","서구","total",TRUE,2015,18,303695.5,600.055555555556,474.714285714286,679.818181818182,20.5714285714261,18.3,-2.27142857142608,17.6023167728552,35.7892281804138,18.1869114075586,NA,NA
"광주","서구","레지던트",TRUE,2015,18,303695.5,3.94444444444444,10,0.0909090909090909,-3.35714285714231,0.0454545454545454,3.40259740259686,-3.57009883094029,-0.0540726395407486,3.51602619139954,NA,NA
"광주","서구","인턴",TRUE,2015,18,303695.5,0.388888888888889,1,0,-0.464285714285795,0,0.464285714285795,-0.453087377730699,0,0.453087377730699,NA,NA
"광주","서구","일반의",TRUE,2015,18,303695.5,35.7777777777778,24.8571428571429,42.7272727272727,0.892857142857141,4.00909090909092,3.11623376623378,0.793293750709125,-0.299904835122318,-1.09319858583144,NA,NA
"광주","서구","전문의",TRUE,2015,18,303695.5,559.944444444444,438.857142857143,637,23.5,14.2454545454546,-9.25454545454544,20.8322092308193,36.1432056550856,15.3109964242663,NA,NA
"울산","남구","total",TRUE,2011,18,338076.5,615.777777777778,474,644.133333333333,25.9999999999881,16.4999999999999,-9.49999999998814,24.906154254911,25.0500492174901,0.143894962579061,NA,NA
"울산","남구","일반의",TRUE,2011,18,338076.5,49.8888888888889,45,50.8666666666667,3.00000000000015,1.99999999999998,-1.00000000000016,4.09384574508773,3.11433470891609,-0.979511036171643,NA,NA
"울산","남구","전문의",TRUE,2011,18,338076.5,565.888888888889,429,593.266666666667,22.9999999999997,14.4999999999996,-8.50000000000012,20.812308509823,21.935714508572,1.12340599874891,NA,NA
"울산","동구","total",TRUE,2011,18,170184.5,409.111111111111,317,427.533333333333,-4.00000000000103,6.58214285714283,10.5821428571439,123.619166463939,16.8641017030592,-106.75506476088,NA,NA
"울산","동구","레지던트",TRUE,2011,18,170184.5,90.5555555555556,71.3333333333333,94.4,9.29561434063138e-13,-2.03571428571437,-2.0357142857153,202.063680233033,6.29941395566422,-195.764266277368,NA,NA
"울산","동구","인턴",TRUE,2011,18,170184.5,14.4444444444444,8,15.7333333333333,-8.00000000000059,0.0285714285714288,8.02857142857201,-135.619166462955,-0.967281038018648,134.651885424937,NA,NA
"울산","동구","일반의",TRUE,2011,18,170184.5,13.6666666666667,14.6666666666667,13.4666666666667,-8.03154719881434e-14,-0.0999999999999997,-0.0999999999999194,21.2698610773243,-0.810576183157912,-22.0804372604822,NA,NA
"울산","동구","전문의",TRUE,2011,18,170184.5,290.444444444444,223,303.933333333333,3.99999999999761,8.68928571428565,4.68928571428804,35.9047916160805,12.3425449685736,-23.5622466475068,NA,NA
"울산","북구","total",TRUE,2011,18,198001.5,132.777777777778,90,141.333333333333,3,6.31071428571401,3.31071428571401,2.99999999999017,8.36416755724533,5.36416755725516,NA,NA
"울산","북구","일반의",TRUE,2011,18,198001.5,10.6666666666667,8.66666666666667,11.0666666666667,-0.499999999999976,0.0714285714285768,0.571428571428552,12.2299350905817,0.24745800486102,-11.9824770857207,NA,NA
"울산","북구","전문의",TRUE,2011,18,198001.5,122.111111111111,81.3333333333333,130.266666666667,3.49999999999841,6.2392857142859,2.73928571428749,-9.22993509067331,8.1167095523846,17.3466446430579,NA,NA
"울산","울주군","total",TRUE,2011,18,219085.5,164.555555555556,147,168.066666666667,9.50000000000131,1.64999999999996,-7.85000000000135,-14.0076682041139,1.07118420542299,15.0788524095369,NA,NA
"울산","울주군","인턴",TRUE,2011,18,219085.5,0.0555555555555556,0.333333333333333,0,-0.50000000000004,0,0.50000000000004,-3.11196313379159,0,3.11196313379159,NA,NA
"울산","울주군","일반의",TRUE,2011,18,219085.5,16.5555555555556,19.6666666666667,15.9333333333333,1.99999999999968,-0.09285714285713,-2.09285714285681,-18.8957050703574,-0.0256038415467663,18.8701012288106,NA,NA
"울산","울주군","전문의",TRUE,2011,18,219085.5,147.944444444444,127,152.133333333333,8.00000000000276,1.74285714285718,-6.25714285714558,8.00000000001719,1.09678804696978,-6.90321195304741,NA,NA
"울산","중구","total",TRUE,2011,18,232303.5,274.444444444444,234.666666666667,282.4,13.999999999993,3.27142857142856,-10.7285714285645,13.6943445904712,4.27786076953691,-9.41648382093426,NA,NA
"울산","중구","레지던트",TRUE,2011,18,232303.5,8.61111111111111,17.3333333333333,6.86666666666667,-4.00000000000116,-1.125,2.87500000000116,-3.69434459047911,-1.02598521820102,2.6683593722781,NA,NA
"울산","중구","인턴",TRUE,2011,18,232303.5,1.77777777777778,4.33333333333333,1.26666666666667,-2.0000000000001,-0.2,1.8000000000001,-1.69434459047826,-0.0296885101024642,1.6646560803758,NA,NA
"울산","중구","일반의",TRUE,2011,18,232303.5,20.8333333333333,24.6666666666667,20.0666666666667,1.9999999999998,-0.532142857142868,-2.53214285714267,2.61131081904361,-1.57174121310991,-4.18305203215352,NA,NA
"울산","중구","전문의",TRUE,2011,18,232303.5,243.222222222222,188.333333333333,254.2,18.0000000000017,5.1285714285716,-12.8714285714301,16.4717229523929,6.9052757109508,-9.56644724144206,NA,NA
"전남","강진군","total",FALSE,NA,18,37310.5,53.0555555555556,NA,NA,NA,NA,NA,NA,NA,NA,0.356037151702807,1.90945193299567
"전남","강진군","인턴",FALSE,NA,18,37310.5,0.0555555555555556,NA,NA,NA,NA,NA,NA,NA,NA,-0.0134158926728595,-0.00355035877292359
"전남","강진군","일반의",FALSE,NA,18,37310.5,16.8333333333333,NA,NA,NA,NA,NA,NA,NA,NA,-0.0402476780185783,0.189177504319077
"전남","강진군","전문의",FALSE,NA,18,37310.5,36.1666666666667,NA,NA,NA,NA,NA,NA,NA,NA,0.409700722394233,1.72382478744955
"전남","고흥군","total",FALSE,NA,18,67196,92.2777777777778,NA,NA,NA,NA,NA,NA,NA,NA,-0.818369453044359,-11.4323602854474
"전남","고흥군","인턴",FALSE,NA,18,67196,0.222222222222222,NA,NA,NA,NA,NA,NA,NA,NA,0.0165118679050566,1.31867130910729
"전남","고흥군","일반의",FALSE,NA,18,67196,23.8333333333333,NA,NA,NA,NA,NA,NA,NA,NA,-0.2734778121775,-4.43337294104204
"전남","고흥군","전문의",FALSE,NA,18,67196,68.2222222222222,NA,NA,NA,NA,NA,NA,NA,NA,-0.561403508771925,-8.31765865353063
"전남","곡성군","total",TRUE,2012,18,30265.5,37.3333333333333,36,37.7142857142857,1.79999999999998,-0.202197802197805,-2.00219780219778,3.75546535895783,-0.487369594467248,-4.24283495342508,NA,NA
"전남","곡성군","일반의",TRUE,2012,18,30265.5,11.2222222222222,12.25,10.9285714285714,1.9,0.257142857142881,-1.64285714285712,5.77180827719779,-1.68618134932175,-7.45798962651954,NA,NA
"전남","곡성군","전문의",TRUE,2012,18,30265.5,26.1111111111111,23.75,26.7857142857143,-0.10000000000002,-0.459340659340638,-0.359340659340618,-2.01634291823817,1.19881175485424,3.2151546730924,NA,NA
"전남","광양시","total",TRUE,2012,18,152132.5,117.055555555556,91,124.5,0.200000000000056,2.00659340659334,1.80659340659328,-8.70099178202683,1.97865728565465,10.6796490676815,NA,NA
"전남","광양시","인턴",TRUE,2012,18,152132.5,0.0555555555555556,0,0.0714285714285714,0,0.0241758241758231,0.0241758241758231,0,0.0231805955652848,0.0231805955652848,NA,NA
"전남","광양시","일반의",TRUE,2012,18,152132.5,11.6111111111111,14,10.9285714285714,-0.6,0.516483516483511,1.11648351648351,-0.259714503759129,0.519729165545943,0.779443669305072,NA,NA
"전남","광양시","전문의",TRUE,2012,18,152132.5,105.388888888889,77,113.5,0.800000000000037,1.46593406593409,0.665934065934056,-8.44127727826821,1.43574752454352,9.87702480281173,NA,NA
"전남","구례군","total",TRUE,2012,18,27116,34.8888888888889,30.5,36.1428571428571,2.4,-0.338461538461538,-2.73846153846154,1.00630686232553,0.57398265945137,-0.432324202874157,NA,NA
"전남","구례군","인턴",TRUE,2012,18,27116,0.166666666666667,0,0.214285714285714,0,0.0329670329670324,0.0329670329670324,0,0.0596767906677543,0.0596767906677543,NA,NA
"전남","구례군","일반의",TRUE,2012,18,27116,7.77777777777778,7.75,7.78571428571429,0.9,-0.0681318681318678,-0.968131868131868,2.50795411876936,0.147591553525988,-2.36036256524337,NA,NA
"전남","구례군","전문의",TRUE,2012,18,27116,26.9444444444444,22.75,28.1428571428571,1.50000000000005,-0.303296703296731,-1.80329670329678,-1.50164725644382,0.366714315257682,1.86836157170151,NA,NA
"전남","나주시","total",TRUE,2015,18,107243,182.833333333333,157,199.272727272727,7.00000000000003,2.91818181818184,-4.08181818181819,6.96137578255551,1.30220019339013,-5.65917558916538,NA,NA
"전남","나주시","레지던트",TRUE,2015,18,107243,10.8888888888889,10.5714285714286,11.0909090909091,1.4642857142858,0.0818181818181869,-1.38246753246762,0.47961189157545,0.420495961868295,-0.0591159297071543,NA,NA
"전남","나주시","인턴",TRUE,2015,18,107243,0.222222222222222,0.285714285714286,0.181818181818182,-0.214285714285705,0.0545454545454541,0.26883116883116,-0.096571792067237,0.0602599923879755,0.156831784455213,NA,NA
"전남","나주시","일반의",TRUE,2015,18,107243,22.1666666666667,22.2857142857143,22.0909090909091,-2.03571428571436,0.381818181818155,2.41753246753251,-1.79297557004015,-0.204194858044551,1.5887807119956,NA,NA
"전남","나주시","전문의",TRUE,2015,18,107243,149.555555555556,123.857142857143,165.909090909091,7.78571428571452,2.40000000000001,-5.38571428571451,8.37131125308805,1.02563909717835,-7.3456721559097,NA,NA
"전남","담양군","total",TRUE,2012,18,47093,68.2222222222222,70.75,67.5,3.5,-0.415384615384595,-3.91538461538459,2.89254339023848,-0.562035580550492,-3.45457897078898,NA,NA
"전남","담양군","인턴",TRUE,2012,18,47093,0.0555555555555556,0,0.0714285714285714,0,0.00659340659340603,0.00659340659340603,0,0.0375875996080416,0.0375875996080416,NA,NA
"전남","담양군","일반의",TRUE,2012,18,47093,15.3888888888889,17,14.9285714285714,3.2,0.0637362637362668,-3.13626373626373,3.21943492897333,0.197819978852429,-3.0216149501209,NA,NA
"전남","담양군","전문의",TRUE,2012,18,47093,52.7777777777778,53.75,52.5,0.3,-0.485714285714282,-0.785714285714282,-0.32689153873484,-0.797443159011263,-0.470551620276423,NA,NA
"전남","목포시","total",TRUE,2015,18,236059,462.666666666667,424.285714285714,487.090909090909,13.2857142857145,4.02727272727272,-9.25844155844175,19.3292987076556,-3.7194789677441,-23.0487776753997,NA,NA
"전남","목포시","레지던트",TRUE,2015,18,236059,1.16666666666667,2.57142857142857,0.272727272727273,0.571428571428529,-0.0454545454545444,-0.616883116883074,0.830769227956096,-0.896105215324844,-1.72687444328094,NA,NA
"전남","목포시","인턴",TRUE,2015,18,236059,0.888888888888889,0.857142857142857,0.909090909090909,-0.0714285714285973,0.054545454545454,0.125974025974051,-0.0169048420114979,0.676711095098955,0.693615937110453,NA,NA
"전남","목포시","일반의",TRUE,2015,18,236059,23.7222222222222,23.1428571428571,24.0909090909091,-2.53571428571426,1.90909090909089,4.44480519480515,-3.0554530406067,-7.26208585387383,-4.20663281326713,NA,NA
"전남","목포시","전문의",TRUE,2015,18,236059,436.888888888889,397.714285714286,461.818181818182,15.3214285714294,2.10909090909093,-13.2123376623384,21.5708873623149,3.76200100635532,-17.8088863559596,NA,NA
"전남","무안군","total",TRUE,2015,18,82050,88.6666666666667,67,102.454545454545,3.25000000000021,3.25454545454549,0.00454545454528121,4.06097143424269,4.45800869097083,0.397037256728138,NA,NA
"전남","무안군","인턴",TRUE,2015,18,82050,0.0555555555555556,0,0.0909090909090909,0,-1.82156746351286e-16,-1.82156746351286e-16,0,0.0238394355664592,0.0238394355664592,NA,NA
"전남","무안군","일반의",TRUE,2015,18,82050,20.6111111111111,18.7142857142857,21.8181818181818,-0.392857142857218,1.25454545454546,1.64740259740268,-1.85117747633294,1.4614858217603,3.31266329809324,NA,NA
"전남","무안군","전문의",TRUE,2015,18,82050,68,48.2857142857143,80.5454545454545,3.64285714285713,1.99999999999996,-1.64285714285717,5.91214891057337,2.97268343364357,-2.93946547692981,NA,NA
"전남","보성군","total",FALSE,NA,18,44112,59.8888888888889,NA,NA,NA,NA,NA,NA,NA,NA,0.257997936016507,3.52343078956645
"전남","보성군","인턴",FALSE,NA,18,44112,0.166666666666667,NA,NA,NA,NA,NA,NA,NA,NA,0.0319917440660475,-0.11844704055709
"전남","보성군","일반의",FALSE,NA,18,44112,12.0555555555556,NA,NA,NA,NA,NA,NA,NA,NA,-0.050567595459237,0.59172412987214
"전남","보성군","전문의",FALSE,NA,18,44112,47.6666666666667,NA,NA,NA,NA,NA,NA,NA,NA,0.276573787409714,3.05015370025287
"전남","순천시","total",TRUE,2012,18,277662.5,475.055555555556,378.75,502.571428571429,24.1,9.74505494505431,-14.3549450549457,39.8507876903014,9.4067876595961,-30.4440000307053,NA,NA
"전남","순천시","레지던트",TRUE,2012,18,277662.5,11,14,10.1428571428571,2,-1.14285714285709,-3.14285714285709,0.69543784200166,-1.04687654936533,-1.74231439136699,NA,NA
"전남","순천시","인턴",TRUE,2012,18,277662.5,0.444444444444444,0.75,0.357142857142857,-0.300000000000014,-0.00219780219779426,0.297802197802219,-0.273274183095805,0.000745979256504071,0.274020162352309,NA,NA
"전남","순천시","일반의",TRUE,2012,18,277662.5,29,25.25,30.0714285714286,2.89999999999992,1.26373626373622,-1.6362637362637,3.21277763104758,1.26295525559719,-1.94982237545039,NA,NA
"전남","순천시","전문의",TRUE,2012,18,277662.5,434.611111111111,338.75,462,19.5,9.62637362637365,-9.87362637362634,36.2158464003475,9.18996297410873,-27.0258834262388,NA,NA
"전남","신안군","total",FALSE,NA,18,42361,42.8888888888889,NA,NA,NA,NA,NA,NA,NA,NA,0.868937048503615,0.841651767619743
"전남","신안군","인턴",FALSE,NA,18,42361,1.5,NA,NA,NA,NA,NA,NA,NA,NA,0.254901960784312,-0.119106585903073
"전남","신안군","일반의",FALSE,NA,18,42361,20.6666666666667,NA,NA,NA,NA,NA,NA,NA,NA,0.538699690402477,0.382924328227359
"전남","신안군","전문의",FALSE,NA,18,42361,20.7222222222222,NA,NA,NA,NA,NA,NA,NA,NA,0.0753353973168302,0.577834025295525
"전남","여수시","total",TRUE,2012,18,287685,381.611111111111,317.5,399.928571428571,19.4,7.78681318681314,-11.6131868131869,17.6145410642072,6.01823709309939,-11.5963039711078,NA,NA
"전남","여수시","레지던트",TRUE,2012,18,287685,10.6666666666667,17.5,8.71428571428571,1.19999999999995,-1.15164835164832,-2.35164835164827,1.1669650620239,-2.86721344142803,-4.03417850345193,NA,NA
"전남","여수시","인턴",TRUE,2012,18,287685,1.11111111111111,0.25,1.35714285714286,-0.1,0.230769230769231,0.330769230769231,-1.02576440587287,0.812142720193596,1.83790712606646,NA,NA
"전남","여수시","일반의",TRUE,2012,18,287685,42.8888888888889,40.25,43.6428571428571,1.7,0.292307692307696,-1.40769230769231,0.807270532103593,-1.9803196191755,-2.7875901512791,NA,NA
"전남","여수시","전문의",TRUE,2012,18,287685,326.944444444444,259.5,346.214285714286,16.5999999999998,8.41538461538472,-8.18461538461503,16.6660698759503,10.0536274335116,-6.61244244243871,NA,NA
"전남","영광군","total",FALSE,NA,18,55196,92.4444444444444,NA,NA,NA,NA,NA,NA,NA,NA,0.445820433436545,0.0237753249585269
"전남","영광군","인턴",FALSE,NA,18,55196,0.166666666666667,NA,NA,NA,NA,NA,NA,NA,NA,-0.048503611971106,-0.0766747405869453
"전남","영광군","일반의",FALSE,NA,18,55196,11,NA,NA,NA,NA,NA,NA,NA,NA,-0.169246646026829,-0.716682418982942
"전남","영광군","전문의",FALSE,NA,18,55196,81.2777777777778,NA,NA,NA,NA,NA,NA,NA,NA,0.663570691434461,0.817132484527998
"전남","영암군","total",TRUE,2015,18,56330.5,51.9444444444444,55.5714285714286,49.6363636363636,0.928571428571494,-0.309090909090917,-1.23766233766241,1.45789738694066,0.560232853471902,-0.897664533468758,NA,NA
"전남","영암군","인턴",TRUE,2015,18,56330.5,0.0555555555555556,0,0.0909090909090909,0,5.22575039652337e-16,5.22575039652337e-16,0,-0.0739309560343005,-0.0739309560343005,NA,NA
"전남","영암군","일반의",TRUE,2015,18,56330.5,17.1111111111111,18.8571428571429,16,-0.678571428571234,0.218181818181811,0.896753246753045,-0.337253244368225,1.53937242845581,1.87662567282404,NA,NA
"전남","영암군","전문의",TRUE,2015,18,56330.5,34.7777777777778,36.7142857142857,33.5454545454545,1.60714285714314,-0.527272727272771,-2.13441558441591,1.7951506313099,-0.905208618951742,-2.70035925026164,NA,NA
"전남","완도군","total",FALSE,NA,18,52388.5,54.2222222222222,NA,NA,NA,NA,NA,NA,NA,NA,0.293085655314747,2.02950268175104
"전남","완도군","레지던트",FALSE,NA,18,52388.5,0.0555555555555556,NA,NA,NA,NA,NA,NA,NA,NA,0.0134158926728585,-0.0113776341154877
"전남","완도군","인턴",FALSE,NA,18,52388.5,0.833333333333333,NA,NA,NA,NA,NA,NA,NA,NA,0.188854489164094,-0.10654114170886
"전남","완도군","일반의",FALSE,NA,18,52388.5,22.3888888888889,NA,NA,NA,NA,NA,NA,NA,NA,0.708978328173375,1.56449482244197
"전남","완도군","전문의",FALSE,NA,18,52388.5,30.9444444444444,NA,NA,NA,NA,NA,NA,NA,NA,-0.618163054695579,0.582926635133048
"전남","장성군","total",TRUE,2015,18,46107.5,48.7222222222222,53.2857142857143,45.8181818181818,1.03571428571431,-0.272727272727244,-1.30844155844156,1.08942788074039,-0.526269339536139,-1.61569722027653,NA,NA
"전남","장성군","일반의",TRUE,2015,18,46107.5,10.7777777777778,13.1428571428571,9.27272727272727,0.35714285714247,0.499999999999984,0.142857142857513,0.655573277833136,-0.112134731630257,-0.767708009463393,NA,NA
"전남","장성군","전문의",TRUE,2015,18,46107.5,37.9444444444444,40.1428571428571,36.5454545454545,0.678571428571347,-0.77272727272726,-1.45129870129861,0.433854602906119,-0.414134607906092,-0.847989210812211,NA,NA
"전남","장흥군","total",FALSE,NA,18,40402.5,53.8888888888889,NA,NA,NA,NA,NA,NA,NA,NA,-0.0598555211558295,-0.0954595124682631
"전남","장흥군","인턴",FALSE,NA,18,40402.5,0.0555555555555556,NA,NA,NA,NA,NA,NA,NA,NA,0.00722394220846255,0.0125318333833047
"전남","장흥군","일반의",FALSE,NA,18,40402.5,15.1111111111111,NA,NA,NA,NA,NA,NA,NA,NA,-0.307533539731681,-0.873022889509519
"전남","장흥군","전문의",FALSE,NA,18,40402.5,38.7222222222222,NA,NA,NA,NA,NA,NA,NA,NA,0.240454076367392,0.765031543657995
"전남","진도군","total",FALSE,NA,18,31921.5,32.8333333333333,NA,NA,NA,NA,NA,NA,NA,NA,0.250773993808055,1.37962490668426
"전남","진도군","인턴",FALSE,NA,18,31921.5,0.611111111111111,NA,NA,NA,NA,NA,NA,NA,NA,0.124871001031993,-0.1238684431993
"전남","진도군","일반의",FALSE,NA,18,31921.5,15.3888888888889,NA,NA,NA,NA,NA,NA,NA,NA,-0.230134158926707,-0.0614664363292122
"전남","진도군","전문의",FALSE,NA,18,31921.5,16.8333333333333,NA,NA,NA,NA,NA,NA,NA,NA,0.356037151702785,1.56495978621406
"전남","함평군","total",TRUE,2015,18,34362.5,55.1111111111111,59.1428571428571,52.5454545454545,1.35714285714267,-2.89090909090909,-4.24805194805176,0.458358594728168,0.917741857977551,0.459383263249383,NA,NA
"전남","함평군","인턴",TRUE,2015,18,34362.5,0.166666666666667,0,0.272727272727273,0,0.0999999999999993,0.0999999999999993,0,-0.0468556494987741,-0.0468556494987741,NA,NA
"전남","함평군","일반의",TRUE,2015,18,34362.5,14.6666666666667,17,13.1818181818182,-0.821428571428596,-0.2,0.621428571428596,-1.2338502543747,-2.61658899333905,-1.38273873896435,NA,NA
"전남","함평군","전문의",TRUE,2015,18,34362.5,40.2777777777778,42.1428571428571,39.0909090909091,2.1785714285712,-2.79090909090908,-4.96948051948028,1.69220884907601,3.58118650081293,1.88897765173693,NA,NA
"전남","해남군","total",TRUE,2015,18,74362.5,112.388888888889,106.142857142857,116.363636363636,0.964285714285688,-0.363636363636369,-1.32792207792206,-0.637505657604957,4.02971096549539,4.66721662310035,NA,NA
"전남","해남군","레지던트",TRUE,2015,18,74362.5,1.88888888888889,4.85714285714286,0,3.64504201915567e-14,0,-3.64504201915567e-14,-0.209305114287832,0,0.209305114287832,NA,NA
"전남","해남군","인턴",TRUE,2015,18,74362.5,0.222222222222222,0,0.363636363636364,0,0.0181818181818218,0.0181818181818218,0,-1.98722823265362,-1.98722823265362,NA,NA
"전남","해남군","일반의",TRUE,2015,18,74362.5,18.1666666666667,18.7142857142857,17.8181818181818,-1.10714285714299,0.372727272727272,1.47987012987026,-0.561718505557618,-4.29729364914419,-3.73557514358657,NA,NA
"전남","해남군","전문의",TRUE,2015,18,74362.5,92.1111111111111,82.5714285714286,98.1818181818182,2.07142857142857,-0.754545454545451,-2.82597402597403,0.133517962243455,10.3142328473005,10.1807148850571,NA,NA
"전남","화순군","total",TRUE,2015,18,64991.5,322.611111111111,286.142857142857,345.818181818182,17.3928571428574,0.172727272727255,-17.2201298701302,65.5551730090114,-12.4608264639064,-78.0159994729178,NA,NA
"전남","화순군","레지던트",TRUE,2015,18,64991.5,59.3333333333333,51.1428571428571,64.5454545454545,3.53571428571446,-3.39999999999999,-6.93571428571446,14.5125235053962,-7.18305255297295,-21.6955760583691,NA,NA
"전남","화순군","인턴",TRUE,2015,18,64991.5,20.1111111111111,27.5714285714286,15.3636363636364,-0.642857142857542,0.163636363636297,0.806493506493839,29.8749435322766,-3.8358582935491,-33.7108018258257,NA,NA
"전남","화순군","일반의",TRUE,2015,18,64991.5,16.6666666666667,16,17.0909090909091,-0.24999999999995,0.0363636363636289,0.286363636363579,-3.74093722424352,-0.949547855660792,2.79138936858273,NA,NA
"전남","화순군","전문의",TRUE,2015,18,64991.5,226.5,191.428571428571,248.818181818182,14.7499999999984,3.37272727272721,-11.3772727272712,24.9086431955241,-0.492367761727638,-25.4010109572517,NA,NA
"전북","고창군","total",TRUE,2015,18,60055.5,75.1666666666667,68.5714285714286,79.3636363636364,1.0357142857142,-0.53636363636365,-1.57207792207785,1.06328732181032,1.90343219834702,0.840144876536693,NA,NA
"전북","고창군","일반의",TRUE,2015,18,60055.5,16.4444444444444,17.2857142857143,15.9090909090909,0.285714285714285,-0.145454545454543,-0.431168831168829,0.333861405091291,-2.75609528910165,-3.08995669419294,NA,NA
"전북","고창군","전문의",TRUE,2015,18,60055.5,58.7222222222222,51.2857142857143,63.4545454545455,0.749999999999969,-0.39090909090908,-1.14090909090905,0.729425916718976,4.65952748744884,3.93010157072986,NA,NA
"전북","남원시","total",TRUE,2012,18,83734.5,134.944444444444,140.5,133.357142857143,3.8,-0.99120879120881,-4.79120879120881,-3.2257996650911,8.44408272179728,11.6698823868884,NA,NA
"전북","남원시","레지던트",TRUE,2012,18,83734.5,5.38888888888889,11.75,3.57142857142857,-2.10000000000003,-0.720879120879121,1.37912087912091,-4.11545668008613,-1.22603600629436,2.88942067379177,NA,NA
"전북","남원시","인턴",TRUE,2012,18,83734.5,0.0555555555555556,0,0.0714285714285714,0,0.0153846153846146,0.0153846153846146,0,0.0102758224535175,0.0102758224535175,NA,NA
"전북","남원시","일반의",TRUE,2012,18,83734.5,15.2222222222222,19.5,14,1.40000000000003,0.580219780219783,-0.81978021978025,0.35701114390522,3.81899068828926,3.46197954438404,NA,NA
"전북","남원시","전문의",TRUE,2012,18,83734.5,114.277777777778,109.25,115.714285714286,4.5,-0.865934065934047,-5.36593406593404,0.532645871089235,5.84085221734658,5.30820634625734,NA,NA
"전북","무주군","total",FALSE,NA,18,24879,27.6111111111111,NA,NA,NA,NA,NA,NA,NA,NA,-0.273477812177495,1.42058885332684
"전북","무주군","인턴",FALSE,NA,18,24879,0.111111111111111,NA,NA,NA,NA,NA,NA,NA,NA,0.0144478844169246,0.0476568572514921
"전북","무주군","일반의",FALSE,NA,18,24879,8.66666666666667,NA,NA,NA,NA,NA,NA,NA,NA,0.200206398348811,0.262305894934247
"전북","무주군","전문의",FALSE,NA,18,24879,18.8333333333333,NA,NA,NA,NA,NA,NA,NA,NA,-0.488132094943235,1.11062610114136
"전북","부안군","total",TRUE,2015,18,56467,75.1666666666667,75,75.2727272727273,-0.178571428571274,-1.86363636363641,-1.68506493506513,-1.11432060286704,-0.420499740230974,0.693820862636068,NA,NA
"전북","부안군","인턴",TRUE,2015,18,56467,0.166666666666667,0,0.272727272727273,0,0.0636363636363643,0.0636363636363643,0,0.026713298585669,0.026713298585669,NA,NA
"전북","부안군","일반의",TRUE,2015,18,56467,14,15.4285714285714,13.0909090909091,-1.42857142857138,0.54545454545455,1.97402597402593,-1.55742681043939,-1.94386095576434,-0.386434145324952,NA,NA
"전북","부안군","전문의",TRUE,2015,18,56467,61,59.5714285714286,61.9090909090909,1.25000000000018,-2.47272727272727,-3.72272727272746,0.443106207570962,1.49664791694579,1.05354170937483,NA,NA
"전북","순창군","total",TRUE,2012,18,29597.5,41.1111111111111,40.5,41.2857142857143,5,-1.44175824175819,-6.44175824175819,4.90929993250024,-0.985835028462528,-5.89513496096277,NA,NA
"전북","순창군","일반의",TRUE,2012,18,29597.5,13.1666666666667,13.5,13.0714285714286,2,-0.837362637362671,-2.83736263736267,1.93197494937498,-1.07414336257651,-3.00611831195149,NA,NA
"전북","순창군","전문의",TRUE,2012,18,29597.5,27.9444444444444,27,28.2142857142857,2.99999999999997,-0.60439560439558,-3.60439560439555,2.97732498312464,0.0883083341139566,-2.88901664901069,NA,NA
"전북","임실군","total",TRUE,2012,18,29961,38.3333333333333,39.75,37.9285714285714,-0.300000000000014,-0.393406593406597,-0.0934065934065832,-0.85130664482312,0.713369656133047,1.56467630095617,NA,NA
"전북","임실군","인턴",TRUE,2012,18,29961,0.333333333333333,0,0.428571428571429,0,0.0703296703296546,0.0703296703296546,0,-0.0286676992211981,-0.0286676992211981,NA,NA
"전북","임실군","일반의",TRUE,2012,18,29961,8.22222222222222,11,7.42857142857143,0.200000000000024,-0.167032967032968,-0.367032967032992,0.203694306843343,0.0791724229549918,-0.124521883888352,NA,NA
"전북","임실군","전문의",TRUE,2012,18,29961,29.7777777777778,28.75,30.0714285714286,-0.5,-0.296703296703295,0.203296703296705,-1.05500095166623,0.662864932399224,1.71786588406545,NA,NA
"전북","장수군","total",FALSE,NA,18,23203,22,NA,NA,NA,NA,NA,NA,NA,NA,-0.272445820433425,0.308218316654582
"전북","장수군","인턴",FALSE,NA,18,23203,0.166666666666667,NA,NA,NA,NA,NA,NA,NA,NA,0.042311661506708,-0.0362041077411377
"전북","장수군","일반의",FALSE,NA,18,23203,5.66666666666667,NA,NA,NA,NA,NA,NA,NA,NA,-0.134158926728579,-0.325440269343854
"전북","장수군","전문의",FALSE,NA,18,23203,16.1666666666667,NA,NA,NA,NA,NA,NA,NA,NA,-0.18059855521155,0.669862693739701
"전북","정읍시","total",TRUE,2015,18,114474.5,161.388888888889,160,162.272727272727,-0.535714285713977,0.463636363636298,0.999350649350274,3.3969420397232,9.966593643774,6.56965160405079,NA,NA
"전북","정읍시","레지던트",TRUE,2015,18,114474.5,4.33333333333333,11.1428571428571,0,-1.35714285714292,0,1.35714285714292,1.61139815639332,0,-1.61139815639332,NA,NA
"전북","정읍시","인턴",TRUE,2015,18,114474.5,0.111111111111111,0,0.181818181818182,0,-0.00909090909090927,-0.00909090909090927,0,0.49159151960757,0.49159151960757,NA,NA
"전북","정읍시","일반의",TRUE,2015,18,114474.5,25.2222222222222,27.7142857142857,23.6363636363636,-0.42857142857138,0.190909090909083,0.619480519480463,2.45050656999219,0.188024524085225,-2.26248204590697,NA,NA
"전북","정읍시","전문의",TRUE,2015,18,114474.5,131.722222222222,121.142857142857,138.454545454545,1.24999999999994,0.281818181818188,-0.968181818181748,-0.664962686656874,9.28697760008439,9.95194028674126,NA,NA
"전북","진안군","total",TRUE,2012,18,26136,33.4444444444444,31.5,34,0.800000000000001,0.0175824175824244,-0.782417582417576,1.24622293949831,2.49112419291472,1.24490125341642,NA,NA
"전북","진안군","일반의",TRUE,2012,18,26136,7.66666666666667,9,7.28571428571429,-0.199999999999964,0.206593406593416,0.406593406593379,1.00587058799694,1.05075049516068,0.04487990716374,NA,NA
"전북","진안군","전문의",TRUE,2012,18,26136,25.7777777777778,22.5,26.7142857142857,0.999999999999924,-0.189010989011034,-1.18901098901096,0.240352351500695,1.44037369775407,1.20002134625338,NA,NA
"충남","당진시","total",FALSE,NA,18,166439.5,142.888888888889,NA,NA,NA,NA,NA,NA,NA,NA,4.8792569659443,2.34940534044195
"충남","당진시","인턴",FALSE,NA,18,166439.5,0.0555555555555556,NA,NA,NA,NA,NA,NA,NA,NA,0.00515995872032944,-0.000440474567927889
"충남","당진시","일반의",FALSE,NA,18,166439.5,22.2777777777778,NA,NA,NA,NA,NA,NA,NA,NA,0.252837977296163,-0.183056375298605
"충남","당진시","전문의",FALSE,NA,18,166439.5,120.555555555556,NA,NA,NA,NA,NA,NA,NA,NA,4.62125902992787,2.53290219030848
"충남","보령시","total",FALSE,NA,18,103535.5,103.888888888889,NA,NA,NA,NA,NA,NA,NA,NA,-0.0412796697626322,0.997458870504996
"충남","보령시","인턴",FALSE,NA,18,103535.5,0.166666666666667,NA,NA,NA,NA,NA,NA,NA,NA,0.0278637770897833,0.0692491378966429
"충남","보령시","일반의",FALSE,NA,18,103535.5,12.7777777777778,NA,NA,NA,NA,NA,NA,NA,NA,-0.1733746130031,-0.669738520868136
"충남","보령시","전문의",FALSE,NA,18,103535.5,90.9444444444444,NA,NA,NA,NA,NA,NA,NA,NA,0.10423116615064,1.5979482534763
"충남","서산시","total",FALSE,NA,18,171233,161.722222222222,NA,NA,NA,NA,NA,NA,NA,NA,2.75438596491229,4.28842978898998
"충남","서산시","인턴",FALSE,NA,18,171233,0.111111111111111,NA,NA,NA,NA,NA,NA,NA,NA,0.0123839009287921,-0.0346613410877135
"충남","서산시","일반의",FALSE,NA,18,171233,19.2222222222222,NA,NA,NA,NA,NA,NA,NA,NA,0.134158926728581,0.194788453678655
"충남","서산시","전문의",FALSE,NA,18,171233,142.388888888889,NA,NA,NA,NA,NA,NA,NA,NA,2.6078431372549,4.1283026763989
"충남","예산군","total",FALSE,NA,18,80838.5,76.8333333333333,NA,NA,NA,NA,NA,NA,NA,NA,-0.162022703818371,-0.28392981496424
"충남","예산군","인턴",FALSE,NA,18,80838.5,0.111111111111111,NA,NA,NA,NA,NA,NA,NA,NA,0.00825593395252848,0.0737412576237496
"충남","예산군","일반의",FALSE,NA,18,80838.5,16.5,NA,NA,NA,NA,NA,NA,NA,NA,0.246646026831786,-0.876755825772381
"충남","예산군","전문의",FALSE,NA,18,80838.5,60.2222222222222,NA,NA,NA,NA,NA,NA,NA,NA,-0.416924664602685,0.51908475318437
"충남","청양군","total",TRUE,2015,18,32201.5,33.7222222222222,32.7142857142857,34.3636363636364,-0.142857142857043,0.563636363636359,0.706493506493402,-0.68641480661808,-0.356802576035302,0.329612230582778,NA,NA
"충남","청양군","인턴",TRUE,2015,18,32201.5,0.222222222222222,0.571428571428571,0,-1.90885463923283e-15,0,1.90885463923283e-15,-0.398450624788474,0,0.398450624788474,NA,NA
"충남","청양군","일반의",TRUE,2015,18,32201.5,8.22222222222222,8.42857142857143,8.09090909090909,-0.857142857142852,-0.218181818181814,0.638961038961037,-0.454779691357101,-0.848702152946556,-0.393922461589455,NA,NA
"충남","청양군","전문의",TRUE,2015,18,32201.5,25.2777777777778,23.7142857142857,26.2727272727273,0.714285714285763,0.781818181818176,0.0675324675324135,0.166815509526664,0.491899576911265,0.325084067384601,NA,NA
"충남","태안군","total",FALSE,NA,18,62658.5,57.7222222222222,NA,NA,NA,NA,NA,NA,NA,NA,0.122807017543862,0.553266009102469
"충남","태안군","일반의",FALSE,NA,18,62658.5,17.6666666666667,NA,NA,NA,NA,NA,NA,NA,NA,0.0288957688338614,0.0542090197784216
"충남","태안군","전문의",FALSE,NA,18,62658.5,40.0555555555556,NA,NA,NA,NA,NA,NA,NA,NA,0.0939112487100106,0.499056989323991
"충남","홍성군","total",FALSE,NA,18,97796,112.611111111111,NA,NA,NA,NA,NA,NA,NA,NA,2.54385964912282,1.49812385483188
"충남","홍성군","인턴",FALSE,NA,18,97796,0.111111111111111,NA,NA,NA,NA,NA,NA,NA,NA,0.0185758513931888,0.0168850635353561
"충남","홍성군","일반의",FALSE,NA,18,97796,15.5555555555556,NA,NA,NA,NA,NA,NA,NA,NA,-0.233230134158951,-0.10816782164207
"충남","홍성군","전문의",FALSE,NA,18,97796,96.9444444444444,NA,NA,NA,NA,NA,NA,NA,NA,2.75851393188855,1.58940661293843
"충북","괴산군","total",FALSE,NA,18,38090.5,40.1666666666667,NA,NA,NA,NA,NA,NA,NA,NA,0.409700722394256,0.373053991416956
"충북","괴산군","인턴",FALSE,NA,18,38090.5,0.0555555555555556,NA,NA,NA,NA,NA,NA,NA,NA,0.00722394220846235,0.00469997025021837
"충북","괴산군","일반의",FALSE,NA,18,38090.5,11.3888888888889,NA,NA,NA,NA,NA,NA,NA,NA,-0.417956656346747,-0.420474391368609
"충북","괴산군","전문의",FALSE,NA,18,38090.5,28.7222222222222,NA,NA,NA,NA,NA,NA,NA,NA,0.820433436532517,0.788828412535329
"충북","단양군","total",TRUE,2021,18,30379,19.5,20.5384615384615,16.8,-0.417582417582419,-2.0000000000001,-1.58241758241768,-0.312429221086593,-6.32071584114011,-6.00828662005352,NA,NA
"충북","단양군","일반의",TRUE,2021,18,30379,4.83333333333333,4.69230769230769,5.2,-0.335164835164844,-2.1,-1.76483516483516,-1.1063205957443,-2.98600506200454,-1.87968446626024,NA,NA
"충북","단양군","전문의",TRUE,2021,18,30379,14.6666666666667,15.8461538461538,11.6,-0.0824175824175641,0.0999999999999911,0.182417582417555,0.793891374657414,-3.33471077913814,-4.12860215379555,NA,NA
"충북","보은군","total",FALSE,NA,18,34137,40.4444444444444,NA,NA,NA,NA,NA,NA,NA,NA,-0.0309597523219897,1.6093894627433
"충북","보은군","일반의",FALSE,NA,18,34137,9.94444444444444,NA,NA,NA,NA,NA,NA,NA,NA,-0.351909184726522,-0.947907073009383
"충북","보은군","전문의",FALSE,NA,18,34137,30.5,NA,NA,NA,NA,NA,NA,NA,NA,0.320949432404541,2.55729653575297
"충북","영동군","total",FALSE,NA,18,50258,54.2777777777778,NA,NA,NA,NA,NA,NA,NA,NA,0.422084623323006,1.3713376074022
"충북","영동군","인턴",FALSE,NA,18,50258,0.111111111111111,NA,NA,NA,NA,NA,NA,NA,NA,-0.00412796697626479,0.0173876607213587
"충북","영동군","일반의",FALSE,NA,18,50258,13.1111111111111,NA,NA,NA,NA,NA,NA,NA,NA,-0.183694530443756,-0.245335939696152
"충북","영동군","전문의",FALSE,NA,18,50258,41.0555555555556,NA,NA,NA,NA,NA,NA,NA,NA,0.609907120743053,1.59928588637683
"충북","음성군","total",FALSE,NA,18,93066.5,95.3888888888889,NA,NA,NA,NA,NA,NA,NA,NA,-0.89060887512899,-0.76787037753833
"충북","음성군","일반의",FALSE,NA,18,93066.5,10.8888888888889,NA,NA,NA,NA,NA,NA,NA,NA,-0.361197110423108,-0.256467288177983
"충북","음성군","전문의",FALSE,NA,18,93066.5,84.5,NA,NA,NA,NA,NA,NA,NA,NA,-0.529411764705884,-0.511403089360367
"충북","제천시","total",TRUE,2021,18,135659,162.888888888889,157.538461538462,176.8,3.93406593406595,-2.30000000000013,-6.23406593406608,4.54596310781026,1.22110584351195,-3.32485726429831,NA,NA
"충북","제천시","인턴",TRUE,2021,18,135659,0.0555555555555556,0,0.2,0,-0.10000000000002,-0.10000000000002,0,0.426357117203644,0.426357117203644,NA,NA
"충북","제천시","일반의",TRUE,2021,18,135659,18.2222222222222,18.9230769230769,16.4,-0.0714285714285714,-1.10000000000003,-1.02857142857146,-0.0518071478669621,-1.37588122416133,-1.32407407629437,NA,NA
"충북","제천시","전문의",TRUE,2021,18,135659,144.611111111111,138.615384615385,160.2,4.00549450549439,-1.10000000000022,-5.10549450549461,4.59777025567697,2.17062995047139,-2.42714030520558,NA,NA
"충북","증평군","total",FALSE,NA,18,36675.5,26.2222222222222,NA,NA,NA,NA,NA,NA,NA,NA,-0.0804953560371508,-0.326899987057469
"충북","증평군","일반의",FALSE,NA,18,36675.5,3.33333333333333,NA,NA,NA,NA,NA,NA,NA,NA,0.130030959752325,-0.0876003489862471
"충북","증평군","전문의",FALSE,NA,18,36675.5,22.8888888888889,NA,NA,NA,NA,NA,NA,NA,NA,-0.210526315789472,-0.239299638071214
"충북","진천군","total",TRUE,2011,18,71813.5,71.1666666666667,52.3333333333333,74.9333333333333,2.50000000000126,2.75357142857144,0.253571428570177,46.101813522923,-0.146994332394779,-46.2488078553178,NA,NA
"충북","진천군","인턴",TRUE,2011,18,71813.5,0.0555555555555556,0,0.0666666666666667,0,0.0107142857142849,0.0107142857142849,0,-0.0611261591435447,-0.0611261591435447,NA,NA
"충북","진천군","일반의",TRUE,2011,18,71813.5,10.2777777777778,14,9.53333333333333,1.50000000000024,-0.310714285714296,-1.81071428571454,20.1864915098751,-0.454674369678419,-20.6411658795535,NA,NA
"충북","진천군","전문의",TRUE,2011,18,71813.5,60.8333333333333,38.3333333333333,65.3333333333333,1.00000000000019,3.05357142857122,2.05357142857103,25.9153220131683,0.368806196426747,-25.5465158167415,NA,NA
"충북","충주시","total",FALSE,NA,18,208333,313.111111111111,NA,NA,NA,NA,NA,NA,NA,NA,1.97110423116608,1.52008918323665
"충북","충주시","레지던트",FALSE,NA,18,208333,21.6666666666667,NA,NA,NA,NA,NA,NA,NA,NA,-1.88854489164099,-2.03563387447325
"충북","충주시","인턴",FALSE,NA,18,208333,1.27777777777778,NA,NA,NA,NA,NA,NA,NA,NA,-0.345717234262107,-0.295658688045372
"충북","충주시","일반의",FALSE,NA,18,208333,31,NA,NA,NA,NA,NA,NA,NA,NA,-0.142414860681123,-0.187914652834053
"충북","충주시","전문의",FALSE,NA,18,208333,259.166666666667,NA,NA,NA,NA,NA,NA,NA,NA,4.3477812177503,4.03929639858933
