region_sido,region_sigungu,year,population
강원,강릉시,2007,220484
강원,강릉시,2008,218399
강원,강릉시,2009,217464
강원,강릉시,2010,218503
강원,강릉시,2011,217571
강원,강릉시,2012,217741
강원,강릉시,2013,216806
강원,강릉시,2014,215807
강원,강릉시,2015,214560
강원,강릉시,2016,213846
강원,강릉시,2017,213952
강원,강릉시,2018,212957
강원,강릉시,2019,213442
강원,강릉시,2020,213321
강원,강릉시,2021,212965
강원,강릉시,2022,211381
강원,강릉시,2023,209439
강원,강릉시,2024,207731
강원,강릉시,2025,206237
강원,고성군,2007,30383
강원,고성군,2008,30172
강원,고성군,2009,30272
강원,고성군,2010,30112
강원,고성군,2011,30057
강원,고성군,2012,30124
강원,고성군,2013,30398
강원,고성군,2014,30269
강원,고성군,2015,30060
강원,고성군,2016,30114
강원,고성군,2017,30029
강원,고성군,2018,28144
강원,고성군,2019,27260
강원,고성군,2020,26757
강원,고성군,2021,27249
강원,고성군,2022,27274
강원,고성군,2023,27305
강원,고성군,2024,26999
강원,고성군,2025,26845
강원,동해시,2007,96652
강원,동해시,2008,95652
강원,동해시,2009,95271
강원,동해시,2010,95236
강원,동해시,2011,95804
강원,동해시,2012,93897
강원,동해시,2013,95143
강원,동해시,2014,94562
강원,동해시,2015,93895
강원,동해시,2016,93297
강원,동해시,2017,92851
강원,동해시,2018,91272
강원,동해시,2019,90522
강원,동해시,2020,90593
강원,동해시,2021,90081
강원,동해시,2022,89426
강원,동해시,2023,88625
강원,동해시,2024,87675
강원,동해시,2025,86333
강원,삼척시,2007,70791
강원,삼척시,2008,70954
강원,삼척시,2009,71935
강원,삼척시,2010,72046
강원,삼척시,2011,72312
강원,삼척시,2012,72463
강원,삼척시,2013,73023
강원,삼척시,2014,72314
강원,삼척시,2015,70839
강원,삼척시,2016,69599
강원,삼척시,2017,68514
강원,삼척시,2018,68326
강원,삼척시,2019,67228
강원,삼척시,2020,65243
강원,삼척시,2021,63429
강원,삼척시,2022,63455
강원,삼척시,2023,62651
강원,삼척시,2024,61735
강원,삼척시,2025,60518
강원,속초시,2007,85370
강원,속초시,2008,84599
강원,속초시,2009,83822
강원,속초시,2010,84302
강원,속초시,2011,83745
강원,속초시,2012,83579
강원,속초시,2013,83109
강원,속초시,2014,82432
강원,속초시,2015,81992
강원,속초시,2016,81793
강원,속초시,2017,82273
강원,속초시,2018,81682
강원,속초시,2019,81786
강원,속초시,2020,82665
강원,속초시,2021,82791
강원,속초시,2022,82806
강원,속초시,2023,82054
강원,속초시,2024,80933
강원,속초시,2025,79636
강원,양구군,2007,21401
강원,양구군,2008,21303
강원,양구군,2009,21323
강원,양구군,2010,21843
강원,양구군,2011,22285
강원,양구군,2012,22799
강원,양구군,2013,23594
강원,양구군,2014,23888
강원,양구군,2015,24089
강원,양구군,2016,24010
강원,양구군,2017,23835
강원,양구군,2018,23408
강원,양구군,2019,22764
강원,양구군,2020,22278
강원,양구군,2021,21748
강원,양구군,2022,21383
강원,양구군,2023,21056
강원,양구군,2024,20621
강원,양구군,2025,20410
강원,양양군,2007,28472
강원,양양군,2008,28115
강원,양양군,2009,27957
강원,양양군,2010,27929
강원,양양군,2011,27942
강원,양양군,2012,27802
강원,양양군,2013,27659
강원,양양군,2014,27521
강원,양양군,2015,27479
강원,양양군,2016,27218
강원,양양군,2017,27207
강원,양양군,2018,27347
강원,양양군,2019,27726
강원,양양군,2020,27946
강원,양양군,2021,27913
강원,양양군,2022,27866
강원,양양군,2023,27710
강원,양양군,2024,27489
강원,양양군,2025,27292
강원,영월군,2007,40290
강원,영월군,2008,40201
강원,영월군,2009,40265
강원,영월군,2010,40407
강원,영월군,2011,40199
강원,영월군,2012,40155
강원,영월군,2013,40150
강원,영월군,2014,40191
강원,영월군,2015,40216
강원,영월군,2016,40073
강원,영월군,2017,40067
강원,영월군,2018,39730
강원,영월군,2019,39127
강원,영월군,2020,38662
강원,영월군,2021,37904
강원,영월군,2022,37728
강원,영월군,2023,37332
강원,영월군,2024,36721
강원,영월군,2025,36054
강원,원주시,2007,298762
강원,원주시,2008,303975
강원,원주시,2009,307882
강원,원주시,2010,314678
강원,원주시,2011,320536
강원,원주시,2012,323885
강원,원주시,2013,324837
강원,원주시,2014,327292
강원,원주시,2015,332995
강원,원주시,2016,337979
강원,원주시,2017,341337
강원,원주시,2018,344070
강원,원주시,2019,349215
강원,원주시,2020,354376
강원,원주시,2021,357757
강원,원주시,2022,360807
강원,원주시,2023,361503
강원,원주시,2024,362164
강원,원주시,2025,363194
강원,인제군,2007,32079
강원,인제군,2008,31620
강원,인제군,2009,31452
강원,인제군,2010,31842
강원,인제군,2011,31970
강원,인제군,2012,32456
강원,인제군,2013,32517
강원,인제군,2014,32475
강원,인제군,2015,33255
강원,인제군,2016,32720
강원,인제군,2017,32582
강원,인제군,2018,32136
강원,인제군,2019,31672
강원,인제군,2020,31694
강원,인제군,2021,32165
강원,인제군,2022,32206
강원,인제군,2023,32020
강원,인제군,2024,31535
강원,인제군,2025,30863
강원,정선군,2007,41806
강원,정선군,2008,41269
강원,정선군,2009,40708
강원,정선군,2010,41045
강원,정선군,2011,40181
강원,정선군,2012,39915
강원,정선군,2013,39985
강원,정선군,2014,39425
강원,정선군,2015,39197
강원,정선군,2016,38718
강원,정선군,2017,38173
강원,정선군,2018,37700
강원,정선군,2019,37271
강원,정선군,2020,36870
강원,정선군,2021,35675
강원,정선군,2022,34931
강원,정선군,2023,34202
강원,정선군,2024,33515
강원,정선군,2025,34879
강원,철원군,2007,47420
강원,철원군,2008,47724
강원,철원군,2009,47669
강원,철원군,2010,48928
강원,철원군,2011,48084
강원,철원군,2012,47968
강원,철원군,2013,47473
강원,철원군,2014,47590
강원,철원군,2015,48799
강원,철원군,2016,48013
강원,철원군,2017,47185
강원,철원군,2018,46413
강원,철원군,2019,45584
강원,철원군,2020,44699
강원,철원군,2021,43340
강원,철원군,2022,42256
강원,철원군,2023,41448
강원,철원군,2024,40497
강원,철원군,2025,39979
강원,춘천시,2007,258141
강원,춘천시,2008,261975
강원,춘천시,2009,264849
강원,춘천시,2010,269950
강원,춘천시,2011,272805
강원,춘천시,2012,273364
강원,춘천시,2013,274455
강원,춘천시,2014,275791
강원,춘천시,2015,277997
강원,춘천시,2016,280707
강원,춘천시,2017,280514
강원,춘천시,2018,280640
강원,춘천시,2019,281291
강원,춘천시,2020,282765
강원,춘천시,2021,284594
강원,춘천시,2022,286664
강원,춘천시,2023,286426
강원,춘천시,2024,286069
강원,춘천시,2025,285234
강원,태백시,2007,51490
강원,태백시,2008,51028
강원,태백시,2009,50424
강원,태백시,2010,50864
강원,태백시,2011,50176
강원,태백시,2012,49493
강원,태백시,2013,48794
강원,태백시,2014,48258
강원,태백시,2015,47501
강원,태백시,2016,47070
강원,태백시,2017,45888
강원,태백시,2018,44858
강원,태백시,2019,43866
강원,태백시,2020,42719
강원,태백시,2021,40844
강원,태백시,2022,39428
강원,태백시,2023,38702
강원,태백시,2024,37936
강원,태백시,2025,37088
강원,평창군,2007,44003
강원,평창군,2008,43706
강원,평창군,2009,43634
강원,평창군,2010,43622
강원,평창군,2011,43577
강원,평창군,2012,43627
강원,평창군,2013,43666
강원,평창군,2014,43660
강원,평창군,2015,43500
강원,평창군,2016,43318
강원,평창군,2017,43092
강원,평창군,2018,42610
강원,평창군,2019,42106
강원,평창군,2020,41681
강원,평창군,2021,40996
강원,평창군,2022,40990
강원,평창군,2023,40659
강원,평창군,2024,40396
강원,평창군,2025,39831
강원,홍천군,2007,70142
강원,홍천군,2008,70360
강원,홍천군,2009,69606
강원,홍천군,2010,69893
강원,홍천군,2011,69899
강원,홍천군,2012,69727
강원,홍천군,2013,70638
강원,홍천군,2014,70451
강원,홍천군,2015,70336
강원,홍천군,2016,70076
강원,홍천군,2017,70340
강원,홍천군,2018,69949
강원,홍천군,2019,69150
강원,홍천군,2020,69242
강원,홍천군,2021,68365
강원,홍천군,2022,67977
강원,홍천군,2023,67309
강원,홍천군,2024,66717
강원,홍천군,2025,66109
강원,화천군,2007,22944
강원,화천군,2008,24110
강원,화천군,2009,24216
강원,화천군,2010,24364
강원,화천군,2011,24945
강원,화천군,2012,25020
강원,화천군,2013,25079
강원,화천군,2014,27143
강원,화천군,2015,27020
강원,화천군,2016,26264
강원,화천군,2017,26022
강원,화천군,2018,25084
강원,화천군,2019,24917
강원,화천군,2020,24857
강원,화천군,2021,24195
강원,화천군,2022,23388
강원,화천군,2023,23007
강원,화천군,2024,22922
강원,화천군,2025,22371
강원,횡성군,2007,43176
강원,횡성군,2008,43413
강원,횡성군,2009,44121
강원,횡성군,2010,44254
강원,횡성군,2011,44360
강원,횡성군,2012,44615
강원,횡성군,2013,44937
강원,횡성군,2014,45373
강원,횡성군,2015,45777
강원,횡성군,2016,45991
강원,횡성군,2017,46281
강원,횡성군,2018,46726
강원,횡성군,2019,46575
강원,횡성군,2020,46472
강원,횡성군,2021,46481
강원,횡성군,2022,46532
강원,횡성군,2023,46359
강원,횡성군,2024,46111
강원,횡성군,2025,45627
경기,가평군,2007,55698
경기,가평군,2008,57108
경기,가평군,2009,57564
경기,가평군,2010,58890
경기,가평군,2011,59358
경기,가평군,2012,60794
경기,가평군,2013,61017
경기,가평군,2014,61213
경기,가평군,2015,62008
경기,가평군,2016,62448
경기,가평군,2017,62973
경기,가평군,2018,62918
경기,가평군,2019,62415
경기,가평군,2020,62377
경기,가평군,2021,62264
경기,가평군,2022,62150
경기,가평군,2023,62302
경기,가평군,2024,62527
경기,가평군,2025,62125
경기,고양시 덕양구,2007,378260
경기,고양시 덕양구,2008,386817
경기,고양시 덕양구,2009,388777
경기,고양시 덕양구,2010,394375
경기,고양시 덕양구,2011,391832
경기,고양시 덕양구,2012,396559
경기,고양시 덕양구,2013,410491
경기,고양시 덕양구,2014,424423
경기,고양시 덕양구,2015,441988
경기,고양시 덕양구,2016,446233
경기,고양시 덕양구,2017,448684
경기,고양시 덕양구,2018,450449
경기,고양시 덕양구,2019,466157
경기,고양시 덕양구,2020,476962
경기,고양시 덕양구,2021,482927
경기,고양시 덕양구,2022,490088
경기,고양시 덕양구,2023,496438
경기,고양시 덕양구,2024,493097
경기,고양시 덕양구,2025,485546
경기,고양시 일산 동구,2007,256493
경기,고양시 일산 동구,2008,261358
경기,고양시 일산 동구,2009,261943
경기,고양시 일산 동구,2010,269292
경기,고양시 일산 동구,2011,278095
경기,고양시 일산 동구,2012,281949
경기,고양시 일산 동구,2013,283976
경기,고양시 일산 동구,2014,284207
경기,고양시 일산 동구,2015,285658
경기,고양시 일산 동구,2016,292612
경기,고양시 일산 동구,2017,293673
경기,고양시 일산 동구,2018,296223
경기,고양시 일산 동구,2019,297671
경기,고양시 일산 동구,2020,299716
경기,고양시 일산 동구,2021,298873
경기,고양시 일산 동구,2022,296122
경기,고양시 일산 동구,2023,291597
경기,고양시 일산 동구,2024,294123
경기,고양시 일산 동구,2025,296758
경기,고양시 일산 서구,2007,290086
경기,고양시 일산 서구,2008,290656
경기,고양시 일산 서구,2009,288064
경기,고양시 일산 서구,2010,286448
경기,고양시 일산 서구,2011,291312
경기,고양시 일산 서구,2012,291408
경기,고양시 일산 서구,2013,296104
경기,고양시 일산 서구,2014,297524
경기,고양시 일산 서구,2015,299900
경기,고양시 일산 서구,2016,300839
경기,고양시 일산 서구,2017,299626
경기,고양시 일산 서구,2018,297517
경기,고양시 일산 서구,2019,302523
경기,고양시 일산 서구,2020,302538
경기,고양시 일산 서구,2021,297553
경기,고양시 일산 서구,2022,290325
경기,고양시 일산 서구,2023,286872
경기,고양시 일산 서구,2024,282900
경기,고양시 일산 서구,2025,277777
경기,과천시,2007,62291
경기,과천시,2008,69477
경기,과천시,2009,72049
경기,과천시,2010,72279
경기,과천시,2011,71955
경기,과천시,2012,71068
경기,과천시,2013,70578
경기,과천시,2014,70156
경기,과천시,2015,68946
경기,과천시,2016,63778
경기,과천시,2017,57527
경기,과천시,2018,58142
경기,과천시,2019,58289
경기,과천시,2020,63231
경기,과천시,2021,73345
경기,과천시,2022,78137
경기,과천시,2023,81000
경기,과천시,2024,85512
경기,과천시,2025,79908
경기,광명시,2007,313019
경기,광명시,2008,310501
경기,광명시,2009,314257
경기,광명시,2010,343982
경기,광명시,2011,355226
경기,광명시,2012,355560
경기,광명시,2013,353100
경기,광명시,2014,348560
경기,광명시,2015,344978
경기,광명시,2016,339484
경기,광명시,2017,332790
경기,광명시,2018,326841
경기,광명시,2019,316552
경기,광명시,2020,298599
경기,광명시,2021,292893
경기,광명시,2022,287945
경기,광명시,2023,280197
경기,광명시,2024,278167
경기,광명시,2025,293947
경기,광주시,2007,229319
경기,광주시,2008,234777
경기,광주시,2009,238583
경기,광주시,2010,249789
경기,광주시,2011,265222
경기,광주시,2012,275656
경기,광주시,2013,286699
경기,광주시,2014,298858
경기,광주시,2015,312579
경기,광주시,2016,327723
경기,광주시,2017,345947
경기,광주시,2018,363782
경기,광주시,2019,372654
경기,광주시,2020,382054
경기,광주시,2021,387289
경기,광주시,2022,391462
경기,광주시,2023,391377
경기,광주시,2024,397605
경기,광주시,2025,397346
경기,구리시,2007,196800
경기,구리시,2008,195874
경기,구리시,2009,195593
경기,구리시,2010,196398
경기,구리시,2011,194881
경기,구리시,2012,192341
경기,구리시,2013,189680
경기,구리시,2014,186820
경기,구리시,2015,186721
경기,구리시,2016,193763
경기,구리시,2017,200042
경기,구리시,2018,203553
경기,구리시,2019,199265
경기,구리시,2020,197454
경기,구리시,2021,191948
경기,구리시,2022,188701
경기,구리시,2023,187093
경기,구리시,2024,186882
경기,구리시,2025,186090
경기,군포시,2007,275351
경기,군포시,2008,277590
경기,군포시,2009,275731
경기,군포시,2010,287833
경기,군포시,2011,287294
경기,군포시,2012,286841
경기,군포시,2013,286344
경기,군포시,2014,288408
경기,군포시,2015,287519
경기,군포시,2016,284890
경기,군포시,2017,281205
경기,군포시,2018,276916
경기,군포시,2019,275852
경기,군포시,2020,273791
경기,군포시,2021,268535
경기,군포시,2022,266213
경기,군포시,2023,261229
경기,군포시,2024,255931
경기,군포시,2025,251367
경기,김포시,2007,205997
경기,김포시,2008,220418
경기,김포시,2009,225805
경기,김포시,2010,238339
경기,김포시,2011,256994
경기,김포시,2012,287432
경기,김포시,2013,312305
경기,김포시,2014,340310
경기,김포시,2015,349990
경기,김포시,2016,363443
경기,김포시,2017,392092
경기,김포시,2018,423170
경기,김포시,2019,437221
경기,김포시,2020,473970
경기,김포시,2021,486508
경기,김포시,2022,484267
경기,김포시,2023,486172
경기,김포시,2024,486853
경기,김포시,2025,484792
경기,남양주시,2007,492347
경기,남양주시,2008,505867
경기,남양주시,2009,525211
경기,남양주시,2010,564141
경기,남양주시,2011,578485
경기,남양주시,2012,599539
경기,남양주시,2013,618305
경기,남양주시,2014,636256
경기,남양주시,2015,653454
경기,남양주시,2016,662154
경기,남양주시,2017,665321
경기,남양주시,2018,681828
경기,남양주시,2019,701830
경기,남양주시,2020,713321
경기,남양주시,2021,733798
경기,남양주시,2022,737353
경기,남양주시,2023,732265
경기,남양주시,2024,732482
경기,남양주시,2025,729754
경기,동두천시,2007,88780
경기,동두천시,2008,90835
경기,동두천시,2009,93211
경기,동두천시,2010,95653
경기,동두천시,2011,96253
경기,동두천시,2012,97175
경기,동두천시,2013,97557
경기,동두천시,2014,97595
경기,동두천시,2015,97974
경기,동두천시,2016,98277
경기,동두천시,2017,97071
경기,동두천시,2018,96226
경기,동두천시,2019,94768
경기,동두천시,2020,94353
경기,동두천시,2021,93592
경기,동두천시,2022,91546
경기,동두천시,2023,88626
경기,동두천시,2024,86838
경기,동두천시,2025,86438
경기,부천시,2007,1728074
경기,부천시,2008,1735356
경기,부천시,2009,1739888
경기,부천시,2010,1750408
경기,부천시,2011,1744904
경기,부천시,2012,1739888
경기,부천시,2013,1727440
경기,부천시,2014,1711172
경기,부천시,2015,1697974
경기,부천시,2016,851380
경기,부천시,2017,850329
경기,부천시,2018,843768
경기,부천시,2019,829996
경기,부천시,2020,818383
경기,부천시,2021,806067
경기,부천시,2022,790128
경기,부천시,2023,779968
경기,부천시,2024,1539836
경기,부천시,2025,1517592
경기,성남시 분당구,2007,434115
경기,성남시 분당구,2008,428858
경기,성남시 분당구,2009,460688
경기,성남시 분당구,2010,481027
경기,성남시 분당구,2011,488328
경기,성남시 분당구,2012,490735
경기,성남시 분당구,2013,495018
경기,성남시 분당구,2014,499087
경기,성남시 분당구,2015,501889
경기,성남시 분당구,2016,503830
경기,성남시 분당구,2017,500212
경기,성남시 분당구,2018,495329
경기,성남시 분당구,2019,488005
경기,성남시 분당구,2020,482232
경기,성남시 분당구,2021,484183
경기,성남시 분당구,2022,481553
경기,성남시 분당구,2023,472957
경기,성남시 분당구,2024,471154
경기,성남시 분당구,2025,469833
경기,성남시 수정구,2007,256744
경기,성남시 수정구,2008,248452
경기,성남시 수정구,2009,242161
경기,성남시 수정구,2010,241070
경기,성남시 수정구,2011,236123
경기,성남시 수정구,2012,233997
경기,성남시 수정구,2013,228167
경기,성남시 수정구,2014,223539
경기,성남시 수정구,2015,219531
경기,성남시 수정구,2016,232841
경기,성남시 수정구,2017,236932
경기,성남시 수정구,2018,234133
경기,성남시 수정구,2019,234678
경기,성남시 수정구,2020,241701
경기,성남시 수정구,2021,235988
경기,성남시 수정구,2022,230460
경기,성남시 수정구,2023,235942
경기,성남시 수정구,2024,234877
경기,성남시 수정구,2025,232389
경기,성남시 중원구,2007,263101
경기,성남시 중원구,2008,265137
경기,성남시 중원구,2009,259877
경기,성남시 중원구,2010,258093
경기,성남시 중원구,2011,254872
경기,성남시 중원구,2012,253883
경기,성남시 중원구,2013,256349
경기,성남시 중원구,2014,251982
경기,성남시 중원구,2015,250004
경기,성남시 중원구,2016,237909
경기,성남시 중원구,2017,230366
경기,성남시 중원구,2018,224885
경기,성남시 중원구,2019,220041
경기,성남시 중원구,2020,216131
경기,성남시 중원구,2021,210777
경기,성남시 중원구,2022,210505
경기,성남시 중원구,2023,210848
경기,성남시 중원구,2024,206978
경기,성남시 중원구,2025,203572
경기,수원시 권선구,2007,310553
경기,수원시 권선구,2008,308177
경기,수원시 권선구,2009,304097
경기,수원시 권선구,2010,306783
경기,수원시 권선구,2011,321176
경기,수원시 권선구,2012,332633
경기,수원시 권선구,2013,331773
경기,수원시 권선구,2014,339835
경기,수원시 권선구,2015,351053
경기,수원시 권선구,2016,358393
경기,수원시 권선구,2017,365653
경기,수원시 권선구,2018,377647
경기,수원시 권선구,2019,371754
경기,수원시 권선구,2020,368645
경기,수원시 권선구,2021,364136
경기,수원시 권선구,2022,367446
경기,수원시 권선구,2023,366167
경기,수원시 권선구,2024,362642
경기,수원시 권선구,2025,361064
경기,수원시 영통구,2007,252730
경기,수원시 영통구,2008,260210
경기,수원시 영통구,2009,258421
경기,수원시 영통구,2010,260557
경기,수원시 영통구,2011,266542
경기,수원시 영통구,2012,289074
경기,수원시 영통구,2013,310671
경기,수원시 영통구,2014,329718
경기,수원시 영통구,2015,335375
경기,수원시 영통구,2016,340654
경기,수원시 영통구,2017,349836
경기,수원시 영통구,2018,356112
경기,수원시 영통구,2019,368468
경기,수원시 영통구,2020,368842
경기,수원시 영통구,2021,363422
경기,수원시 영통구,2022,360384
경기,수원시 영통구,2023,363028
경기,수원시 영통구,2024,361305
경기,수원시 영통구,2025,362493
경기,수원시 장안구,2007,287474
경기,수원시 장안구,2008,285803
경기,수원시 장안구,2009,290798
경기,수원시 장안구,2010,293692
경기,수원시 장안구,2011,290999
경기,수원시 장안구,2012,291757
경기,수원시 장안구,2013,300908
경기,수원시 장안구,2014,301196
경기,수원시 장안구,2015,299016
경기,수원시 장안구,2016,296479
경기,수원시 장안구,2017,293828
경기,수원시 장안구,2018,286433
경기,수원시 장안구,2019,278377
경기,수원시 장안구,2020,273661
경기,수원시 장안구,2021,273835
경기,수원시 장안구,2022,270524
경기,수원시 장안구,2023,270849
경기,수원시 장안구,2024,274661
경기,수원시 장안구,2025,271136
경기,수원시 팔달구,2007,216945
경기,수원시 팔달구,2008,213235
경기,수원시 팔달구,2009,219833
경기,수원시 팔달구,2010,216503
경기,수원시 팔달구,2011,209772
경기,수원시 팔달구,2012,206794
경기,수원시 팔달구,2013,204805
경기,수원시 팔달구,2014,203479
경기,수원시 팔달구,2015,199180
경기,수원시 팔달구,2016,198515
경기,수원시 팔달구,2017,193311
경기,수원시 팔달구,2018,180974
경기,수원시 팔달구,2019,175866
경기,수원시 팔달구,2020,174930
경기,수원시 팔달구,2021,182321
경기,수원시 팔달구,2022,192610
경기,수원시 팔달구,2023,197213
경기,수원시 팔달구,2024,194397
경기,수원시 팔달구,2025,191822
경기,시흥시,2007,390564
경기,시흥시,2008,392756
경기,시흥시,2009,397912
경기,시흥시,2010,403797
경기,시흥시,2011,401149
경기,시흥시,2012,399485
경기,시흥시,2013,396765
경기,시흥시,2014,394639
경기,시흥시,2015,398256
경기,시흥시,2016,402888
경기,시흥시,2017,419664
경기,시흥시,2018,448687
경기,시흥시,2019,473682
경기,시흥시,2020,500895
경기,시흥시,2021,512030
경기,시흥시,2022,512912
경기,시흥시,2023,519715
경기,시흥시,2024,518132
경기,시흥시,2025,515032
경기,안산시 단원구,2007,331071
경기,안산시 단원구,2008,331252
경기,안산시 단원구,2009,331291
경기,안산시 단원구,2010,335755
경기,안산시 단원구,2011,334706
경기,안산시 단원구,2012,333552
경기,안산시 단원구,2013,331095
경기,안산시 단원구,2014,326368
경기,안산시 단원구,2015,318368
경기,안산시 단원구,2016,314002
경기,안산시 단원구,2017,306966
경기,안산시 단원구,2018,304032
경기,안산시 단원구,2019,306305
경기,안산시 단원구,2020,303027
경기,안산시 단원구,2021,302058
경기,안산시 단원구,2022,296996
경기,안산시 단원구,2023,294441
경기,안산시 단원구,2024,293388
경기,안산시 단원구,2025,289769
경기,안산시 상록구,2007,373969
경기,안산시 상록구,2008,377005
경기,안산시 상록구,2009,374055
경기,안산시 상록구,2010,379136
경기,안산시 상록구,2011,380880
경기,안산시 상록구,2012,381556
경기,안산시 상록구,2013,382571
경기,안산시 상록구,2014,381508
경기,안산시 상록구,2015,379517
경기,안산시 상록구,2016,375857
경기,안산시 상록구,2017,370744
경기,안산시 상록구,2018,356311
경기,안산시 상록구,2019,344613
경기,안산시 상록구,2020,351888
경기,안산시 상록구,2021,350668
경기,안산시 상록구,2022,344664
경기,안산시 상록구,2023,334867
경기,안산시 상록구,2024,327191
경기,안산시 상록구,2025,322739
경기,안성시,2007,163733
경기,안성시,2008,169545
경기,안성시,2009,170919
경기,안성시,2010,177937
경기,안성시,2011,180743
경기,안성시,2012,181608
경기,안성시,2013,182173
경기,안성시,2014,181896
경기,안성시,2015,180199
경기,안성시,2016,182896
경기,안성시,2017,182786
경기,안성시,2018,183579
경기,안성시,2019,183405
경기,안성시,2020,187012
경기,안성시,2021,189534
경기,안성시,2022,188842
경기,안성시,2023,189034
경기,안성시,2024,193949
경기,안성시,2025,196592
경기,안양시 동안구,2007,358316
경기,안양시 동안구,2008,357459
경기,안양시 동안구,2009,354289
경기,안양시 동안구,2010,355453
경기,안양시 동안구,2011,352565
경기,안양시 동안구,2012,357920
경기,안양시 동안구,2013,357631
경기,안양시 동안구,2014,353494
경기,안양시 동안구,2015,350519
경기,안양시 동안구,2016,345061
경기,안양시 동안구,2017,332787
경기,안양시 동안구,2018,325319
경기,안양시 동안구,2019,322809
경기,안양시 동안구,2020,310614
경기,안양시 동안구,2021,308867
경기,안양시 동안구,2022,313834
경기,안양시 동안구,2023,313996
경기,안양시 동안구,2024,326521
경기,안양시 동안구,2025,329530
경기,안양시 만안구,2007,265881
경기,안양시 만안구,2008,262820
경기,안양시 만안구,2009,262258
경기,안양시 만안구,2010,266261
경기,안양시 만안구,2011,263077
경기,안양시 만안구,2012,253492
경기,안양시 만안구,2013,250246
경기,안양시 만안구,2014,247315
경기,안양시 만안구,2015,247270
경기,안양시 만안구,2016,252353
경기,안양시 만안구,2017,254977
경기,안양시 만안구,2018,251512
경기,안양시 만안구,2019,244235
경기,안양시 만안구,2020,239413
경기,안양시 만안구,2021,238311
경기,안양시 만안구,2022,234394
경기,안양시 만안구,2023,230664
경기,안양시 만안구,2024,229971
경기,안양시 만안구,2025,233749
경기,양주시,2007,179914
경기,양주시,2008,179914
경기,양주시,2009,182106
경기,양주시,2010,196706
경기,양주시,2011,200360
경기,양주시,2012,200310
경기,양주시,2013,199143
경기,양주시,2014,202072
경기,양주시,2015,205184
경기,양주시,2016,205513
경기,양주시,2017,212146
경기,양주시,2018,216951
경기,양주시,2019,222314
경기,양주시,2020,230359
경기,양주시,2021,236368
경기,양주시,2022,243432
경기,양주시,2023,268026
경기,양주시,2024,289005
경기,양주시,2025,296224
경기,양평군,2007,87874
경기,양평군,2008,89812
경기,양평군,2009,91450
경기,양평군,2010,95833
경기,양평군,2011,99430
경기,양평군,2012,102193
경기,양평군,2013,103620
경기,양평군,2014,105379
경기,양평군,2015,108316
경기,양평군,2016,111367
경기,양평군,2017,115105
경기,양평군,2018,116095
경기,양평군,2019,116874
경기,양평군,2020,118810
경기,양평군,2021,121230
경기,양평군,2022,122323
경기,양평군,2023,125238
경기,양평군,2024,126804
경기,양평군,2025,126933
경기,여주시,2007,106926
경기,여주시,2008,107355
경기,여주시,2009,108088
경기,여주시,2010,109250
경기,여주시,2011,109120
경기,여주시,2012,109550
경기,여주시,2013,109343
경기,여주시,2014,110386
경기,여주시,2015,111033
경기,여주시,2016,111563
경기,여주시,2017,111984
경기,여주시,2018,111525
경기,여주시,2019,111083
경기,여주시,2020,111897
경기,여주시,2021,112150
경기,여주시,2022,113150
경기,여주시,2023,114412
경기,여주시,2024,114610
경기,여주시,2025,114002
경기,연천군,2007,45603
경기,연천군,2008,45495
경기,연천군,2009,45241
경기,연천군,2010,45177
경기,연천군,2011,44900
경기,연천군,2012,45599
경기,연천군,2013,45610
경기,연천군,2014,45363
경기,연천군,2015,45725
경기,연천군,2016,45907
경기,연천군,2017,45431
경기,연천군,2018,44633
경기,연천군,2019,43824
경기,연천군,2020,43516
경기,연천군,2021,42721
경기,연천군,2022,42062
경기,연천군,2023,41584
경기,연천군,2024,40866
경기,연천군,2025,42340
경기,오산시,2007,145825
경기,오산시,2008,150237
경기,오산시,2009,159734
경기,오산시,2010,182516
경기,오산시,2011,193892
경기,오산시,2012,200291
경기,오산시,2013,205460
경기,오산시,2014,208565
경기,오산시,2015,206828
경기,오산시,2016,208656
경기,오산시,2017,213437
경기,오산시,2018,220070
경기,오산시,2019,226379
경기,오산시,2020,229725
경기,오산시,2021,229983
경기,오산시,2022,229849
경기,오산시,2023,229656
경기,오산시,2024,242065
경기,오산시,2025,249410
경기,용인시 기흥구,2007,301630
경기,용인시 기흥구,2008,315461
경기,용인시 기흥구,2009,340133
경기,용인시 기흥구,2010,357935
경기,용인시 기흥구,2011,368722
경기,용인시 기흥구,2012,375875
경기,용인시 기흥구,2013,393172
경기,용인시 기흥구,2014,402206
경기,용인시 기흥구,2015,409162
경기,용인시 기흥구,2016,417163
경기,용인시 기흥구,2017,419429
경기,용인시 기흥구,2018,427719
경기,용인시 기흥구,2019,436679
경기,용인시 기흥구,2020,440835
경기,용인시 기흥구,2021,441742
경기,용인시 기흥구,2022,438235
경기,용인시 기흥구,2023,436656
경기,용인시 기흥구,2024,436351
경기,용인시 기흥구,2025,435048
경기,용인시 수지구,2007,295950
경기,용인시 수지구,2008,297497
경기,용인시 수지구,2009,295451
경기,용인시 수지구,2010,310680
경기,용인시 수지구,2011,318122
경기,용인시 수지구,2012,329560
경기,용인시 수지구,2013,335401
경기,용인시 수지구,2014,340420
경기,용인시 수지구,2015,345237
경기,용인시 수지구,2016,347833
경기,용인시 수지구,2017,353099
경기,용인시 수지구,2018,358289
경기,용인시 수지구,2019,369034
경기,용인시 수지구,2020,375843
경기,용인시 수지구,2021,375568
경기,용인시 수지구,2022,377448
경기,용인시 수지구,2023,377422
경기,용인시 수지구,2024,375351
경기,용인시 수지구,2025,374094
경기,용인시 처인구,2007,202714
경기,용인시 처인구,2008,203805
경기,용인시 처인구,2009,203620
경기,용인시 처인구,2010,207935
경기,용인시 처인구,2011,209200
경기,용인시 처인구,2012,210524
경기,용인시 처인구,2013,212904
경기,용인시 처인구,2014,218400
경기,용인시 처인구,2015,221347
경기,용인시 처인구,2016,226130
경기,용인시 처인구,2017,231553
경기,용인시 처인구,2018,249118
경기,용인시 처인구,2019,253896
경기,용인시 처인구,2020,257498
경기,용인시 처인구,2021,260198
경기,용인시 처인구,2022,259288
경기,용인시 처인구,2023,261488
경기,용인시 처인구,2024,274162
경기,용인시 처인구,2025,282044
경기,의왕시,2007,135009
경기,의왕시,2008,134488
경기,의왕시,2009,140874
경기,의왕시,2010,147443
경기,의왕시,2011,149607
경기,의왕시,2012,154757
경기,의왕시,2013,159772
경기,의왕시,2014,158482
경기,의왕시,2015,157740
경기,의왕시,2016,156763
경기,의왕시,2017,155767
경기,의왕시,2018,153932
경기,의왕시,2019,161153
경기,의왕시,2020,163795
경기,의왕시,2021,163356
경기,의왕시,2022,160221
경기,의왕시,2023,158870
경기,의왕시,2024,154488
경기,의왕시,2025,160370
경기,의정부시,2007,421853
경기,의정부시,2008,430849
경기,의정부시,2009,431008
경기,의정부시,2010,431801
경기,의정부시,2011,430400
경기,의정부시,2012,429147
경기,의정부시,2013,430976
경기,의정부시,2014,431112
경기,의정부시,2015,433937
경기,의정부시,2016,438457
경기,의정부시,2017,441584
경기,의정부시,2018,447026
경기,의정부시,2019,451868
경기,의정부시,2020,461710
경기,의정부시,2021,463661
경기,의정부시,2022,463724
경기,의정부시,2023,464213
경기,의정부시,2024,461271
경기,의정부시,2025,461572
경기,이천시,2007,195691
경기,이천시,2008,196633
경기,이천시,2009,197496
경기,이천시,2010,202595
경기,이천시,2011,204566
경기,이천시,2012,204917
경기,이천시,2013,205479
경기,이천시,2014,205014
경기,이천시,2015,204935
경기,이천시,2016,210359
경기,이천시,2017,213142
경기,이천시,2018,214206
경기,이천시,2019,215834
경기,이천시,2020,218388
경기,이천시,2021,223177
경기,이천시,2022,222721
경기,이천시,2023,222098
경기,이천시,2024,222443
경기,이천시,2025,222967
경기,파주시,2007,303831
경기,파주시,2008,311164
경기,파주시,2009,323011
경기,파주시,2010,355632
경기,파주시,2011,378790
경기,파주시,2012,394201
경기,파주시,2013,401718
경기,파주시,2014,411348
경기,파주시,2015,423321
경기,파주시,2016,430781
경기,파주시,2017,437848
경기,파주시,2018,451848
경기,파주시,2019,454040
경기,파주시,2020,465617
경기,파주시,2021,483245
경기,파주시,2022,495315
경기,파주시,2023,497753
경기,파주시,2024,511308
경기,파주시,2025,526005
경기,평택시,2007,402458
경기,평택시,2008,406721
경기,평택시,2009,410042
경기,평택시,2010,419457
경기,평택시,2011,426886
경기,평택시,2012,434305
경기,평택시,2013,442034
경기,평택시,2014,449555
경기,평택시,2015,460532
경기,평택시,2016,470832
경기,평택시,2017,481530
경기,평택시,2018,495642
경기,평택시,2019,513027
경기,평택시,2020,537307
경기,평택시,2021,564288
경기,평택시,2022,578529
경기,평택시,2023,591022
경기,평택시,2024,598556
경기,평택시,2025,610402
경기,포천시,2007,158156
경기,포천시,2008,160176
경기,포천시,2009,158931
경기,포천시,2010,158658
경기,포천시,2011,157967
경기,포천시,2012,157559
경기,포천시,2013,156603
경기,포천시,2014,155798
경기,포천시,2015,155192
경기,포천시,2016,154763
경기,포천시,2017,152925
경기,포천시,2018,150676
경기,포천시,2019,148379
경기,포천시,2020,147274
경기,포천시,2021,148939
경기,포천시,2022,146701
경기,포천시,2023,143323
경기,포천시,2024,141463
경기,포천시,2025,140452
경기,하남시,2007,137131
경기,하남시,2008,143638
경기,하남시,2009,148566
경기,하남시,2010,150479
경기,하남시,2011,148397
경기,하남시,2012,146269
경기,하남시,2013,145096
경기,하남시,2014,148896
경기,하남시,2015,166713
경기,하남시,2016,211101
경기,하남시,2017,232487
경기,하남시,2018,254415
경기,하남시,2019,272455
경기,하남시,2020,293452
경기,하남시,2021,320087
경기,하남시,2022,326059
경기,하남시,2023,329861
경기,하남시,2024,329120
경기,하남시,2025,327939
경기,화성시,2007,371972
경기,화성시,2008,449354
경기,화성시,2009,491528
경기,화성시,2010,505838
경기,화성시,2011,516765
경기,화성시,2012,525490
경기,화성시,2013,530251
경기,화성시,2014,540862
경기,화성시,2015,596525
경기,화성시,2016,640890
경기,화성시,2017,691086
경기,화성시,2018,758722
경기,화성시,2019,815396
경기,화성시,2020,855248
경기,화성시,2021,887015
경기,화성시,2022,910814
경기,화성시,2023,944342
경기,화성시,2024,968821
경기,화성시,2025,989969
경남,거제시,2007,208208
경남,거제시,2008,217211
경남,거제시,2009,225522
경남,거제시,2010,228355
경남,거제시,2011,232787
경남,거제시,2012,236944
경남,거제시,2013,242077
경남,거제시,2014,248287
경남,거제시,2015,255828
경남,거제시,2016,257183
경남,거제시,2017,254073
경남,거제시,2018,250516
경남,거제시,2019,248276
경남,거제시,2020,245754
경남,거제시,2021,241216
경남,거제시,2022,236662
경남,거제시,2023,234038
경남,거제시,2024,232972
경남,거제시,2025,231178
경남,거창군,2007,63979
경남,거창군,2008,63268
경남,거창군,2009,63180
경남,거창군,2010,63421
경남,거창군,2011,63146
경남,거창군,2012,63103
경남,거창군,2013,63177
경남,거창군,2014,63137
경남,거창군,2015,63232
경남,거창군,2016,63308
경남,거창군,2017,62763
경남,거창군,2018,62455
경남,거창군,2019,62179
경남,거창군,2020,61502
경남,거창군,2021,61073
경남,거창군,2022,60387
경남,거창군,2023,60047
경남,거창군,2024,59588
경남,거창군,2025,58980
경남,고성군,2007,55393
경남,고성군,2008,55950
경남,고성군,2009,57100
경남,고성군,2010,57231
경남,고성군,2011,57264
경남,고성군,2012,56906
경남,고성군,2013,56369
경남,고성군,2014,55916
경남,고성군,2015,55284
경남,고성군,2016,54703
경남,고성군,2017,54060
경남,고성군,2018,53243
경남,고성군,2019,52276
경남,고성군,2020,51361
경남,고성군,2021,50478
경남,고성군,2022,50448
경남,고성군,2023,49468
경남,고성군,2024,48005
경남,고성군,2025,47099
경남,김해시,2007,464964
경남,김해시,2008,477572
경남,김해시,2009,492413
경남,김해시,2010,503348
경남,김해시,2011,507062
경남,김해시,2012,513260
경남,김해시,2013,522049
경남,김해시,2014,527240
경남,김해시,2015,528865
경남,김해시,2016,529422
경남,김해시,2017,532132
경남,김해시,2018,533672
경남,김해시,2019,542455
경남,김해시,2020,542338
경남,김해시,2021,537673
경남,김해시,2022,535129
경남,김해시,2023,533659
경남,김해시,2024,531676
경남,김해시,2025,533035
경남,남해군,2007,55026
경남,남해군,2008,50698
경남,남해군,2009,50244
경남,남해군,2010,49328
경남,남해군,2011,50242
경남,남해군,2012,48223
경남,남해군,2013,47244
경남,남해군,2014,46638
경남,남해군,2015,45865
경남,남해군,2016,45129
경남,남해군,2017,44642
경남,남해군,2018,43990
경남,남해군,2019,43622
경남,남해군,2020,42958
경남,남해군,2021,42266
경남,남해군,2022,41579
경남,남해군,2023,40780
경남,남해군,2024,39832
경남,남해군,2025,40770
경남,밀양시,2007,111473
경남,밀양시,2008,110858
경남,밀양시,2009,110170
경남,밀양시,2010,110479
경남,밀양시,2011,109329
경남,밀양시,2012,108755
경남,밀양시,2013,108342
경남,밀양시,2014,107765
경남,밀양시,2015,107896
경남,밀양시,2016,108354
경남,밀양시,2017,107898
경남,밀양시,2018,106744
경남,밀양시,2019,105552
경남,밀양시,2020,104831
경남,밀양시,2021,103525
경남,밀양시,2022,102945
경남,밀양시,2023,102084
경남,밀양시,2024,100691
경남,밀양시,2025,99252
경남,사천시,2007,112499
경남,사천시,2008,112828
경남,사천시,2009,112724
경남,사천시,2010,114148
경남,사천시,2011,114133
경남,사천시,2012,115321
경남,사천시,2013,116851
경남,사천시,2014,116485
경남,사천시,2015,115452
경남,사천시,2016,114912
경남,사천시,2017,114252
경남,사천시,2018,113888
경남,사천시,2019,111925
경남,사천시,2020,111105
경남,사천시,2021,109953
경남,사천시,2022,109369
경남,사천시,2023,109030
경남,사천시,2024,108504
경남,사천시,2025,107935
경남,산청군,2007,35274
경남,산청군,2008,35043
경남,산청군,2009,34921
경남,산청군,2010,35591
경남,산청군,2011,35651
경남,산청군,2012,35691
경남,산청군,2013,35935
경남,산청군,2014,35849
경남,산청군,2015,36071
경남,산청군,2016,36098
경남,산청군,2017,36340
경남,산청군,2018,35952
경남,산청군,2019,35417
경남,산청군,2020,34857
경남,산청군,2021,34360
경남,산청군,2022,34028
경남,산청군,2023,33752
경남,산청군,2024,33259
경남,산청군,2025,32745
경남,양산시,2007,231956
경남,양산시,2008,243012
경남,양산시,2009,250387
경남,양산시,2010,260239
경남,양산시,2011,266403
경남,양산시,2012,270460
경남,양산시,2013,279565
경남,양산시,2014,292376
경남,양산시,2015,301291
경남,양산시,2016,317037
경남,양산시,2017,338535
경남,양산시,2018,348639
경남,양산시,2019,350759
경남,양산시,2020,352229
경남,양산시,2021,354726
경남,양산시,2022,353792
경남,양산시,2023,355122
경남,양산시,2024,359531
경남,양산시,2025,361155
경남,의령군,2007,31418
경남,의령군,2008,30734
경남,의령군,2009,30496
경남,의령군,2010,30162
경남,의령군,2011,30045
경남,의령군,2012,30329
경남,의령군,2013,29417
경남,의령군,2014,29209
경남,의령군,2015,28544
경남,의령군,2016,28111
경남,의령군,2017,27849
경남,의령군,2018,27667
경남,의령군,2019,27168
경남,의령군,2020,26800
경남,의령군,2021,26322
경남,의령군,2022,26061
경남,의령군,2023,25475
경남,의령군,2024,25150
경남,의령군,2025,24636
경남,진주시,2007,330756
경남,진주시,2008,331222
경남,진주시,2009,331720
경남,진주시,2010,335037
경남,진주시,2011,335502
경남,진주시,2012,337314
경남,진주시,2013,337071
경남,진주시,2014,340241
경남,진주시,2015,344426
경남,진주시,2016,346739
경남,진주시,2017,346681
경남,진주시,2018,345987
경남,진주시,2019,347334
경남,진주시,2020,348096
경남,진주시,2021,347097
경남,진주시,2022,343782
경남,진주시,2023,341074
경남,진주시,2024,338785
경남,진주시,2025,335939
경남,창녕군,2007,62255
경남,창녕군,2008,61603
경남,창녕군,2009,61252
경남,창녕군,2010,61714
경남,창녕군,2011,62490
경남,창녕군,2012,62966
경남,창녕군,2013,63447
경남,창녕군,2014,63502
경남,창녕군,2015,63817
경남,창녕군,2016,63982
경남,창녕군,2017,64101
경남,창녕군,2018,63396
경남,창녕군,2019,62331
경남,창녕군,2020,61301
경남,창녕군,2021,60129
경남,창녕군,2022,58372
경남,창녕군,2023,57083
경남,창녕군,2024,56085
경남,창녕군,2025,54900
경남,창원시,2007,1082843
경남,창원시,2008,1083292
경남,창원시,2009,1080441
경남,창원시,2010,2180362
경남,창원시,2011,2183762
경남,창원시,2012,2182942
경남,창원시,2013,2167462
경남,창원시,2014,2150336
경남,창원시,2015,2140128
경남,창원시,2016,2127814
경남,창원시,2017,2114064
경남,창원시,2018,2107202
경남,창원시,2019,2089480
경남,창원시,2020,2073476
경남,창원시,2021,2065482
경남,창원시,2022,2042974
경남,창원시,2023,2018076
경남,창원시,2024,1999716
경남,창원시,2025,1981796
경남,통영시,2007,134431
경남,통영시,2008,136275
경남,통영시,2009,137415
경남,통영시,2010,140297
경남,통영시,2011,140195
경남,통영시,2012,139347
경남,통영시,2013,139719
경남,통영시,2014,139439
경남,통영시,2015,139168
경남,통영시,2016,138160
경남,통영시,2017,135833
경남,통영시,2018,133720
경남,통영시,2019,131404
경남,통영시,2020,128293
경남,통영시,2021,125383
경남,통영시,2022,122681
경남,통영시,2023,120551
경남,통영시,2024,118481
경남,통영시,2025,116667
경남,하동군,2007,55526
경남,하동군,2008,53515
경남,하동군,2009,52010
경남,하동군,2010,51509
경남,하동군,2011,53975
경남,하동군,2012,50806
경남,하동군,2013,50177
경남,하동군,2014,49223
경남,하동군,2015,50259
경남,하동군,2016,49622
경남,하동군,2017,48831
경남,하동군,2018,47533
경남,하동군,2019,46574
경남,하동군,2020,44785
경남,하동군,2021,43449
경남,하동군,2022,42465
경남,하동군,2023,41606
경남,하동군,2024,40765
경남,하동군,2025,39974
경남,함안군,2007,64865
경남,함안군,2008,66050
경남,함안군,2009,66582
경남,함안군,2010,67207
경남,함안군,2011,66971
경남,함안군,2012,67425
경남,함안군,2013,67667
경남,함안군,2014,68741
경남,함안군,2015,69156
경남,함안군,2016,68937
경남,함안군,2017,68207
경남,함안군,2018,67025
경남,함안군,2019,65700
경남,함안군,2020,64182
경남,함안군,2021,62547
경남,함안군,2022,61456
경남,함안군,2023,60203
경남,함안군,2024,58842
경남,함안군,2025,57558
경남,함양군,2007,40637
경남,함양군,2008,40447
경남,함양군,2009,40626
경남,함양군,2010,41197
경남,함양군,2011,41081
경남,함양군,2012,40714
경남,함양군,2013,40692
경남,함양군,2014,40584
경남,함양군,2015,40339
경남,함양군,2016,40241
경남,함양군,2017,40175
경남,함양군,2018,40044
경남,함양군,2019,39637
경남,함양군,2020,39080
경남,함양군,2021,38310
경남,함양군,2022,37708
경남,함양군,2023,36945
경남,함양군,2024,36131
경남,함양군,2025,35472
경남,합천군,2007,55450
경남,합천군,2008,55677
경남,합천군,2009,52973
경남,합천군,2010,51092
경남,합천군,2011,50608
경남,합천군,2012,50279
경남,합천군,2013,50290
경남,합천군,2014,50457
경남,합천군,2015,49145
경남,합천군,2016,48026
경남,합천군,2017,47000
경남,합천군,2018,45916
경남,합천군,2019,45204
경남,합천군,2020,44006
경남,합천군,2021,42935
경남,합천군,2022,42142
경남,합천군,2023,41203
경남,합천군,2024,40225
경남,합천군,2025,39190
경북,경산시,2007,236881
경북,경산시,2008,237423
경북,경산시,2009,236459
경북,경산시,2010,240708
경북,경산시,2011,243684
경북,경산시,2012,246358
경북,경산시,2013,248805
경북,경산시,2014,253968
경북,경산시,2015,256888
경북,경산시,2016,258037
경북,경산시,2017,259485
경북,경산시,2018,261093
경북,경산시,2019,263185
경북,경산시,2020,263728
경북,경산시,2021,268369
경북,경산시,2022,267725
경북,경산시,2023,266205
경북,경산시,2024,266398
경북,경산시,2025,263853
경북,경주시,2007,272206
경북,경주시,2008,269343
경북,경주시,2009,267466
경북,경주시,2010,267098
경북,경주시,2011,265488
경북,경주시,2012,264091
경북,경주시,2013,263283
경북,경주시,2014,261535
경북,경주시,2015,259773
경북,경주시,2016,259452
경북,경주시,2017,257903
경북,경주시,2018,256864
경북,경주시,2019,255402
경북,경주시,2020,253502
경북,경주시,2021,251889
경북,경주시,2022,249607
경북,경주시,2023,247489
경북,경주시,2024,244769
경북,경주시,2025,244055
경북,고령군,2007,34907
경북,고령군,2008,34770
경북,고령군,2009,34535
경북,고령군,2010,34678
경북,고령군,2011,35455
경북,고령군,2012,35343
경북,고령군,2013,35198
경북,고령군,2014,35033
경북,고령군,2015,34594
경북,고령군,2016,34257
경북,고령군,2017,33768
경북,고령군,2018,32969
경북,고령군,2019,32373
경북,고령군,2020,31361
경북,고령군,2021,30626
경북,고령군,2022,30353
경북,고령군,2023,30139
경북,고령군,2024,30062
경북,고령군,2025,29667
경북,구미시,2007,391897
경북,구미시,2008,393959
경북,구미시,2009,396419
경북,구미시,2010,404920
경북,구미시,2011,413446
경북,구미시,2012,416949
경북,구미시,2013,419428
경북,구미시,2014,420320
경북,구미시,2015,419915
경북,구미시,2016,419891
경북,구미시,2017,421799
경북,구미시,2018,421494
경북,구미시,2019,419742
경북,구미시,2020,416328
경북,구미시,2021,412581
경북,구미시,2022,408110
경북,구미시,2023,405506
경북,구미시,2024,404820
경북,구미시,2025,403883
경북,군위군,2007,25781
경북,군위군,2008,25309
경북,군위군,2009,24966
경북,군위군,2010,24736
경북,군위군,2011,24268
경북,군위군,2012,24119
경북,군위군,2013,24172
경북,군위군,2014,24170
경북,군위군,2015,24126
경북,군위군,2016,24171
경북,군위군,2017,24215
경북,군위군,2018,23919
경북,군위군,2019,23843
경북,군위군,2020,23256
경북,군위군,2021,22945
경북,군위군,2022,23340
경북,군위군,2023,22988
경북,군위군,2024,22463
경북,군위군,2025,22452
경북,김천시,2007,139084
경북,김천시,2008,138056
경북,김천시,2009,135918
경북,김천시,2010,136136
경북,김천시,2011,136185
경북,김천시,2012,135504
경북,김천시,2013,135259
경북,김천시,2014,135456
경북,김천시,2015,140132
경북,김천시,2016,142256
경북,김천시,2017,142908
경북,김천시,2018,141104
경북,김천시,2019,141229
경북,김천시,2020,140548
경북,김천시,2021,140239
경북,김천시,2022,139324
경북,김천시,2023,137515
경북,김천시,2024,135446
경북,김천시,2025,133791
경북,문경시,2007,74780
경북,문경시,2008,75486
경북,문경시,2009,76645
경북,문경시,2010,77391
경북,문경시,2011,76727
경북,문경시,2012,75899
경북,문경시,2013,75664
경북,문경시,2014,75911
경북,문경시,2015,75784
경북,문경시,2016,74702
경북,문경시,2017,73294
경북,문경시,2018,71874
경북,문경시,2019,72242
경북,문경시,2020,71406
경북,문경시,2021,71154
경북,문경시,2022,70373
경북,문경시,2023,68755
경북,문경시,2024,67257
경북,문경시,2025,65348
경북,봉화군,2007,35046
경북,봉화군,2008,34628
경북,봉화군,2009,34297
경북,봉화군,2010,34567
경북,봉화군,2011,34192
경북,봉화군,2012,33934
경북,봉화군,2013,33894
경북,봉화군,2014,34023
경북,봉화군,2015,33808
경북,봉화군,2016,33539
경북,봉화군,2017,33259
경북,봉화군,2018,32843
경북,봉화군,2019,32150
경북,봉화군,2020,31494
경북,봉화군,2021,30762
경북,봉화군,2022,30139
경북,봉화군,2023,29603
경북,봉화군,2024,28836
경북,봉화군,2025,28315
경북,상주시,2007,106600
경북,상주시,2008,105381
경북,상주시,2009,106208
경북,상주시,2010,105607
경북,상주시,2011,104685
경북,상주시,2012,104182
경북,상주시,2013,103346
경북,상주시,2014,102892
경북,상주시,2015,102374
경북,상주시,2016,101799
경북,상주시,2017,100947
경북,상주시,2018,100297
경북,상주시,2019,100688
경북,상주시,2020,97228
경북,상주시,2021,95566
경북,상주시,2022,94823
경북,상주시,2023,93858
경북,상주시,2024,91850
경북,상주시,2025,89888
경북,성주군,2007,45680
경북,성주군,2008,45024
경북,성주군,2009,45616
경북,성주군,2010,45289
경북,성주군,2011,45640
경북,성주군,2012,45127
경북,성주군,2013,45067
경북,성주군,2014,44981
경북,성주군,2015,45029
경북,성주군,2016,45205
경북,성주군,2017,45138
경북,성주군,2018,44672
경북,성주군,2019,44015
경북,성주군,2020,43414
경북,성주군,2021,42842
경북,성주군,2022,42566
경북,성주군,2023,42086
경북,성주군,2024,41452
경북,성주군,2025,40720
경북,안동시,2007,167916
경북,안동시,2008,167300
경북,안동시,2009,167432
경북,안동시,2010,167886
경북,안동시,2011,168157
경북,안동시,2012,168302
경북,안동시,2013,168461
경북,안동시,2014,168697
경북,안동시,2015,169221
경북,안동시,2016,168798
경북,안동시,2017,166272
경북,안동시,2018,162180
경북,안동시,2019,160052
경북,안동시,2020,158907
경북,안동시,2021,156972
경북,안동시,2022,154610
경북,안동시,2023,152935
경북,안동시,2024,153159
경북,안동시,2025,152610
경북,영덕군,2007,43470
경북,영덕군,2008,42707
경북,영덕군,2009,41710
경북,영덕군,2010,41377
경북,영덕군,2011,40794
경북,영덕군,2012,40257
경북,영덕군,2013,40142
경북,영덕군,2014,39586
경북,영덕군,2015,39191
경북,영덕군,2016,39052
경북,영덕군,2017,38529
경북,영덕군,2018,38108
경북,영덕군,2019,37361
경북,영덕군,2020,36313
경북,영덕군,2021,35314
경북,영덕군,2022,34650
경북,영덕군,2023,34055
경북,영덕군,2024,33210
경북,영덕군,2025,32698
경북,영양군,2007,19119
경북,영양군,2008,18766
경북,영양군,2009,18553
경북,영양군,2010,18451
경북,영양군,2011,18241
경북,영양군,2012,18208
경북,영양군,2013,18297
경북,영양군,2014,18197
경북,영양군,2015,17898
경북,영양군,2016,17713
경북,영양군,2017,17479
경북,영양군,2018,17356
경북,영양군,2019,16993
경북,영양군,2020,16692
경북,영양군,2021,16320
경북,영양군,2022,16022
경북,영양군,2023,15661
경북,영양군,2024,15328
경북,영양군,2025,15941
경북,영주시,2007,115083
경북,영주시,2008,113930
경북,영주시,2009,113309
경북,영주시,2010,113926
경북,영주시,2011,114148
경북,영주시,2012,113547
경북,영주시,2013,112625
경북,영주시,2014,110780
경북,영주시,2015,109735
경북,영주시,2016,109247
경북,영주시,2017,108371
경북,영주시,2018,106801
경북,영주시,2019,105067
경북,영주시,2020,103119
경북,영주시,2021,101942
경북,영주시,2022,100749
경북,영주시,2023,100199
경북,영주시,2024,98870
경북,영주시,2025,97162
경북,영천시,2007,105819
경북,영천시,2008,104022
경북,영천시,2009,103115
경북,영천시,2010,103190
경북,영천시,2011,104182
경북,영천시,2012,101798
경북,영천시,2013,100778
경북,영천시,2014,100689
경북,영천시,2015,100648
경북,영천시,2016,100521
경북,영천시,2017,100615
경북,영천시,2018,101595
경북,영천시,2019,102470
경북,영천시,2020,102015
경북,영천시,2021,101888
경북,영천시,2022,101088
경북,영천시,2023,100212
경북,영천시,2024,98143
경북,영천시,2025,95185
경북,예천군,2007,48866
경북,예천군,2008,47993
경북,예천군,2009,47306
경북,예천군,2010,47049
경북,예천군,2011,46579
경북,예천군,2012,46027
경북,예천군,2013,45573
경북,예천군,2014,45104
경북,예천군,2015,44674
경북,예천군,2016,46166
경북,예천군,2017,49253
경북,예천군,2018,53274
경북,예천군,2019,55100
경북,예천군,2020,55613
경북,예천군,2021,55739
경북,예천군,2022,55755
경북,예천군,2023,55325
경북,예천군,2024,54609
경북,예천군,2025,53887
경북,울릉군,2007,10125
경북,울릉군,2008,10168
경북,울릉군,2009,10325
경북,울릉군,2010,10701
경북,울릉군,2011,10742
경북,울릉군,2012,10673
경북,울릉군,2013,10524
경북,울릉군,2014,10264
경북,울릉군,2015,10153
경북,울릉군,2016,10001
경북,울릉군,2017,9975
경북,울릉군,2018,9832
경북,울릉군,2019,9617
경북,울릉군,2020,9077
경북,울릉군,2021,8867
경북,울릉군,2022,8996
경북,울릉군,2023,9077
경북,울릉군,2024,9099
경북,울릉군,2025,8696
경북,울진군,2007,53955
경북,울진군,2008,53042
경북,울진군,2009,52529
경북,울진군,2010,52430
경북,울진군,2011,52045
경북,울진군,2012,51844
경북,울진군,2013,51953
경북,울진군,2014,52104
경북,울진군,2015,51885
경북,울진군,2016,51738
경북,울진군,2017,50974
경북,울진군,2018,50036
경북,울진군,2019,49314
경북,울진군,2020,48716
경북,울진군,2021,47858
경북,울진군,2022,47030
경북,울진군,2023,46669
경북,울진군,2024,46124
경북,울진군,2025,45896
경북,의성군,2007,61366
경북,의성군,2008,60033
경북,의성군,2009,59109
경북,의성군,2010,58832
경북,의성군,2011,57744
경북,의성군,2012,57043
경북,의성군,2013,56064
경북,의성군,2014,55212
경북,의성군,2015,54477
경북,의성군,2016,54014
경북,의성군,2017,53474
경북,의성군,2018,52944
경북,의성군,2019,52595
경북,의성군,2020,51724
경북,의성군,2021,50632
경북,의성군,2022,50186
경북,의성군,2023,50086
경북,의성군,2024,48690
경북,의성군,2025,47902
경북,청도군,2007,45515
경북,청도군,2008,44711
경북,청도군,2009,44279
경북,청도군,2010,44391
경북,청도군,2011,44298
경북,청도군,2012,43968
경북,청도군,2013,43788
경북,청도군,2014,43993
경북,청도군,2015,43724
경북,청도군,2016,43564
경북,청도군,2017,43346
경북,청도군,2018,43057
경북,청도군,2019,42910
경북,청도군,2020,42263
경북,청도군,2021,41891
경북,청도군,2022,41614
경북,청도군,2023,41316
경북,청도군,2024,40582
경북,청도군,2025,40117
경북,청송군,2007,27862
경북,청송군,2008,27289
경북,청송군,2009,26917
경북,청송군,2010,26715
경북,청송군,2011,26569
경북,청송군,2012,26481
경북,청송군,2013,26470
경북,청송군,2014,26453
경북,청송군,2015,26384
경북,청송군,2016,26301
경북,청송군,2017,26006
경북,청송군,2018,25678
경북,청송군,2019,25416
경북,청송군,2020,25044
경북,청송군,2021,24539
경북,청송군,2022,24295
경북,청송군,2023,24019
경북,청송군,2024,23716
경북,청송군,2025,23363
경북,칠곡군,2007,113851
경북,칠곡군,2008,116472
경북,칠곡군,2009,117288
경북,칠곡군,2010,119087
경북,칠곡군,2011,118838
경북,칠곡군,2012,119786
경북,칠곡군,2013,121182
경북,칠곡군,2014,122058
경북,칠곡군,2015,122829
경북,칠곡군,2016,123199
경북,칠곡군,2017,120864
경북,칠곡군,2018,118828
경북,칠곡군,2019,117047
경북,칠곡군,2020,114758
경북,칠곡군,2021,113822
경북,칠곡군,2022,112487
경북,칠곡군,2023,110581
경북,칠곡군,2024,107383
경북,칠곡군,2025,104842
경북,포항시 남구,2007,253451
경북,포항시 남구,2008,253771
경북,포항시 남구,2009,252584
경북,포항시 남구,2010,254288
경북,포항시 남구,2011,252556
경북,포항시 남구,2012,251434
경북,포항시 남구,2013,249709
경북,포항시 남구,2014,247649
경북,포항시 남구,2015,246445
경북,포항시 남구,2016,244748
경북,포항시 남구,2017,242469
경북,포항시 남구,2018,239400
경북,포항시 남구,2019,235633
경북,포항시 남구,2020,230422
경북,포항시 남구,2021,230801
경북,포항시 남구,2022,227486
경북,포항시 남구,2023,226278
경북,포항시 남구,2024,220613
경북,포항시 남구,2025,215206
경북,포항시 북구,2007,252104
경북,포항시 북구,2008,254348
경북,포항시 북구,2009,256891
경북,포항시 북구,2010,260467
경북,포항시 북구,2011,264532
경북,포항시 북구,2012,267479
경북,포항시 북구,2013,269758
경북,포항시 북구,2014,271719
경북,포항시 북구,2015,273139
경북,포항시 북구,2016,272027
경북,포항시 북구,2017,271363
경북,포항시 북구,2018,270613
경북,포항시 북구,2019,271392
경북,포항시 북구,2020,272494
경북,포항시 북구,2021,273051
경북,포항시 북구,2022,269164
경북,포항시 북구,2023,266755
경북,포항시 북구,2024,270968
경북,포항시 북구,2025,273501
광주,광산구,2007,316101
광주,광산구,2008,320660
광주,광산구,2009,342936
광주,광산구,2010,363239
광주,광산구,2011,375509
광주,광산구,2012,385101
광주,광산구,2013,392875
광주,광산구,2014,397281
광주,광산구,2015,400753
광주,광산구,2016,403049
광주,광산구,2017,404131
광주,광산구,2018,404547
광주,광산구,2019,405315
광주,광산구,2020,405579
광주,광산구,2021,404221
광주,광산구,2022,400654
광주,광산구,2023,396741
광주,광산구,2024,391611
광주,광산구,2025,387604
광주,남구,2007,209024
광주,남구,2008,213073
광주,남구,2009,213697
광주,남구,2010,216863
광주,남구,2011,219041
광주,남구,2012,218313
광주,남구,2013,216254
광주,남구,2014,219815
광주,남구,2015,221318
광주,남구,2016,219729
광주,남구,2017,218454
광주,남구,2018,216369
광주,남구,2019,218060
광주,남구,2020,214579
광주,남구,2021,215575
광주,남구,2022,212379
광주,남구,2023,209646
광주,남구,2024,207597
광주,남구,2025,207596
광주,동구,2007,115066
광주,동구,2008,109963
광주,동구,2009,107772
광주,동구,2010,104449
광주,동구,2011,106495
광주,동구,2012,105580
광주,동구,2013,103016
광주,동구,2014,100786
광주,동구,2015,98784
광주,동구,2016,95791
광주,동구,2017,95448
광주,동구,2018,94475
광주,동구,2019,98585
광주,동구,2020,102897
광주,동구,2021,103470
광주,동구,2022,105909
광주,동구,2023,107176
광주,동구,2024,106203
광주,동구,2025,104888
광주,북구,2007,466181
광주,북구,2008,474121
광주,북구,2009,469410
광주,북구,2010,466866
광주,북구,2011,444483
광주,북구,2012,443677
광주,북구,2013,445489
광주,북구,2014,447685
광주,북구,2015,446316
광주,북구,2016,441066
광주,북구,2017,438780
광주,북구,2018,439773
광주,북구,2019,433533
광주,북구,2020,430431
광주,북구,2021,427114
광주,북구,2022,424707
광주,북구,2023,421683
광주,북구,2024,423961
광주,북구,2025,416862
광주,서구,2007,307072
광주,서구,2008,304885
광주,서구,2009,299825
광주,서구,2010,303219
광주,서구,2011,317936
광주,서구,2012,316545
광주,서구,2013,315276
광주,서구,2014,310317
광주,서구,2015,305028
광주,서구,2016,309579
광주,서구,2017,306957
광주,서구,2018,304172
광주,서구,2019,300975
광주,서구,2020,296576
광주,서구,2021,291231
광주,서구,2022,287401
광주,서구,2023,283991
광주,서구,2024,279050
광주,서구,2025,275063
대구,남구,2007,178530
대구,남구,2008,175317
대구,남구,2009,171873
대구,남구,2010,171197
대구,남구,2011,169095
대구,남구,2012,168715
대구,남구,2013,166062
대구,남구,2014,163492
대구,남구,2015,160852
대구,남구,2016,156433
대구,남구,2017,152845
대구,남구,2018,150501
대구,남구,2019,148113
대구,남구,2020,146632
대구,남구,2021,143175
대구,남구,2022,141519
대구,남구,2023,139187
대구,남구,2024,136263
대구,남구,2025,135542
대구,달서구,2007,591169
대구,달서구,2008,594616
대구,달서구,2009,598011
대구,달서구,2010,607083
대구,달서구,2011,606542
대구,달서구,2012,606557
대구,달서구,2013,610358
대구,달서구,2014,606433
대구,달서구,2015,602641
대구,달서구,2016,591891
대구,달서구,2017,578068
대구,달서구,2018,573413
대구,달서구,2019,568887
대구,달서구,2020,558631
대구,달서구,2021,544926
대구,달서구,2022,536989
대구,달서구,2023,527781
대구,달서구,2024,522021
대구,달서구,2025,517059
대구,달성군,2007,160443
대구,달성군,2008,171001
대구,달성군,2009,176135
대구,달성군,2010,178899
대구,달성군,2011,180351
대구,달성군,2012,184366
대구,달성군,2013,184358
대구,달성군,2014,184902
대구,달성군,2015,192747
대구,달성군,2016,218268
대구,달성군,2017,243375
대구,달성군,2018,250543
대구,달성군,2019,256540
대구,달성군,2020,259339
대구,달성군,2021,262451
대구,달성군,2022,263162
대구,달성군,2023,262084
대구,달성군,2024,257580
대구,달성군,2025,254659
대구,동구,2007,336049
대구,동구,2008,330996
대구,동구,2009,331421
대구,동구,2010,337529
대구,동구,2011,341206
대구,동구,2012,342092
대구,동구,2013,343802
대구,동구,2014,347975
대구,동구,2015,349728
대구,동구,2016,351352
대구,동구,2017,349379
대구,동구,2018,351291
대구,동구,2019,345469
대구,동구,2020,341920
대구,동구,2021,341436
대구,동구,2022,339530
대구,동구,2023,342813
대구,동구,2024,342339
대구,동구,2025,339281
대구,북구,2007,463056
대구,북구,2008,461518
대구,북구,2009,453367
대구,북구,2010,452505
대구,북구,2011,449775
대구,북구,2012,448485
대구,북구,2013,444359
대구,북구,2014,444375
대구,북구,2015,443119
대구,북구,2016,440383
대구,북구,2017,441375
대구,북구,2018,439489
대구,북구,2019,437710
대구,북구,2020,440263
대구,북구,2021,437008
대구,북구,2022,430912
대구,북구,2023,419624
대구,북구,2024,413010
대구,북구,2025,409854
대구,서구,2007,237757
대구,서구,2008,228720
대구,서구,2009,225193
대구,서구,2010,224618
대구,서구,2011,222619
대구,서구,2012,220211
대구,서구,2013,215399
대구,서구,2014,210770
대구,서구,2015,206028
대구,서구,2016,199507
대구,서구,2017,191992
대구,서구,2018,184372
대구,서구,2019,175277
대구,서구,2020,170700
대구,서구,2021,164528
대구,서구,2022,159827
대구,서구,2023,164088
대구,서구,2024,163135
대구,서구,2025,163956
대구,수성구,2007,447164
대구,수성구,2008,451732
대구,수성구,2009,456196
대구,수성구,2010,461988
대구,수성구,2011,461083
대구,수성구,2012,459779
대구,수성구,2013,461004
대구,수성구,2014,456505
대구,수성구,2015,451786
대구,수성구,2016,447011
대구,수성구,2017,439211
대구,수성구,2018,432759
대구,수성구,2019,428614
대구,수성구,2020,424314
대구,수성구,2021,417097
대구,수성구,2022,411553
대구,수성구,2023,407331
대구,수성구,2024,409107
대구,수성구,2025,409222
대구,중구,2007,79093
대구,중구,2008,78824
대구,중구,2009,77585
대구,중구,2010,77857
대구,중구,2011,76600
대구,중구,2012,75439
대구,중구,2013,76246
대구,중구,2014,78812
대구,중구,2015,80928
대구,중구,2016,79712
대구,중구,2017,78986
대구,중구,2018,79401
대구,중구,2019,77421
대구,중구,2020,76547
대구,중구,2021,74791
대구,중구,2022,80199
대구,중구,2023,89064
대구,중구,2024,97711
대구,중구,2025,101007
대전,대덕구,2007,213275
대전,대덕구,2008,211241
대전,대덕구,2009,208147
대전,대덕구,2010,207549
대전,대덕구,2011,205339
대전,대덕구,2012,205688
대전,대덕구,2013,204360
대전,대덕구,2014,201558
대전,대덕구,2015,196839
대전,대덕구,2016,192688
대전,대덕구,2017,186902
대전,대덕구,2018,181991
대전,대덕구,2019,177031
대전,대덕구,2020,176384
대전,대덕구,2021,175046
대전,대덕구,2022,172746
대전,대덕구,2023,169853
대전,대덕구,2024,168217
대전,대덕구,2025,165535
대전,동구,2007,244496
대전,동구,2008,245973
대전,동구,2009,246116
대전,동구,2010,248835
대전,동구,2011,251285
대전,동구,2012,251945
대전,동구,2013,250653
대전,동구,2014,245493
대전,동구,2015,239579
대전,동구,2016,234959
대전,동구,2017,230516
대전,동구,2018,229071
대전,동구,2019,226771
대전,동구,2020,223021
대전,동구,2021,222222
대전,동구,2022,219751
대전,동구,2023,217628
대전,동구,2024,218513
대전,동구,2025,218664
대전,서구,2007,501935
대전,서구,2008,499172
대전,서구,2009,499297
대전,서구,2010,499742
대전,서구,2011,499124
대전,서구,2012,496513
대전,서구,2013,498917
대전,서구,2014,496132
대전,서구,2015,490859
대전,서구,2016,491011
대전,서구,2017,487448
대전,서구,2018,484663
대전,서구,2019,481222
대전,서구,2020,477880
대전,서구,2021,473365
대전,서구,2022,470374
대전,서구,2023,464634
대전,서구,2024,457951
대전,서구,2025,463351
대전,유성구,2007,250523
대전,유성구,2008,259831
대전,유성구,2009,266585
대전,유성구,2010,281692
대전,유성구,2011,294353
대전,유성구,2012,306312
대전,유성구,2013,313968
대전,유성구,2014,327461
대전,유성구,2015,335312
대전,유성구,2016,343222
대전,유성구,2017,348428
대전,유성구,2018,349790
대전,유성구,2019,349373
대전,유성구,2020,351047
대전,유성구,2021,351277
대전,유성구,2022,356093
대전,유성구,2023,366845
대전,유성구,2024,369468
대전,유성구,2025,367534
대전,중구,2007,265430
대전,중구,2008,264678
대전,중구,2009,264035
대전,중구,2010,265846
대전,중구,2011,265502
대전,중구,2012,264125
대전,중구,2013,264913
대전,중구,2014,261165
대전,중구,2015,256186
대전,중구,2016,252490
대전,중구,2017,248933
대전,중구,2018,244421
대전,중구,2019,240473
대전,중구,2020,235550
대전,중구,2021,230341
대전,중구,2022,227108
대전,중구,2023,223256
대전,중구,2024,225008
대전,중구,2025,225645
부산,강서구,2007,51819
부산,강서구,2008,52156
부산,강서구,2009,60372
부산,강서구,2010,62594
부산,강서구,2011,64733
부산,강서구,2012,65806
부산,강서구,2013,69873
부산,강서구,2014,79619
부산,강서구,2015,94608
부산,강서구,2016,108909
부산,강서구,2017,117382
부산,강서구,2018,122957
부산,강서구,2019,129566
부산,강서구,2020,137957
부산,강서구,2021,142918
부산,강서구,2022,143207
부산,강서구,2023,142396
부산,강서구,2024,142789
부산,강서구,2025,150299
부산,금정구,2007,258934
부산,금정구,2008,256398
부산,금정구,2009,252039
부산,금정구,2010,255419
부산,금정구,2011,254720
부산,금정구,2012,255692
부산,금정구,2013,253526
부산,금정구,2014,249856
부산,금정구,2015,246026
부산,금정구,2016,244624
부산,금정구,2017,244469
부산,금정구,2018,242956
부산,금정구,2019,239062
부산,금정구,2020,232666
부산,금정구,2021,228049
부산,금정구,2022,221256
부산,금정구,2023,215590
부산,금정구,2024,209932
부산,금정구,2025,206588
부산,기장군,2007,79565
부산,기장군,2008,81159
부산,기장군,2009,89384
부산,기장군,2010,102557
부산,기장군,2011,108095
부산,기장군,2012,114566
부산,기장군,2013,132507
부산,기장군,2014,144748
부산,기장군,2015,153093
부산,기장군,2016,158527
부산,기장군,2017,161651
부산,기장군,2018,164864
부산,기장군,2019,164716
부산,기장군,2020,174545
부산,기장군,2021,177125
부산,기장군,2022,178614
부산,기장군,2023,178729
부산,기장군,2024,175626
부산,기장군,2025,174898
부산,남구,2007,296666
부산,남구,2008,298314
부산,남구,2009,297963
부산,남구,2010,298458
부산,남구,2011,295121
부산,남구,2012,291175
부산,남구,2013,291770
부산,남구,2014,286989
부산,남구,2015,283101
부산,남구,2016,278779
부산,남구,2017,273854
부산,남구,2018,279917
부산,남구,2019,274480
부산,남구,2020,267731
부산,남구,2021,262069
부산,남구,2022,256333
부산,남구,2023,254185
부산,남구,2024,254498
부산,남구,2025,250668
부산,동구,2007,104881
부산,동구,2008,102764
부산,동구,2009,101153
부산,동구,2010,101514
부산,동구,2011,100420
부산,동구,2012,98529
부산,동구,2013,96011
부산,동구,2014,94565
부산,동구,2015,92069
부산,동구,2016,89826
부산,동구,2017,88868
부산,동구,2018,86912
부산,동구,2019,88165
부산,동구,2020,88901
부산,동구,2021,87679
부산,동구,2022,86462
부산,동구,2023,87792
부산,동구,2024,85911
부산,동구,2025,83851
부산,동래구,2007,284901
부산,동래구,2008,282673
부산,동래구,2009,281644
부산,동래구,2010,282779
부산,동래구,2011,283742
부산,동래구,2012,278767
부산,동래구,2013,276689
부산,동래구,2014,275971
부산,동래구,2015,272837
부산,동래구,2016,272745
부산,동래구,2017,270727
부산,동래구,2018,266515
부산,동래구,2019,271247
부산,동래구,2020,270745
부산,동래구,2021,266866
부산,동래구,2022,273226
부산,동래구,2023,270815
부산,동래구,2024,274370
부산,동래구,2025,273277
부산,부산진구,2007,402359
부산,부산진구,2008,400516
부산,부산진구,2009,395689
부산,부산진구,2010,395826
부산,부산진구,2011,395044
부산,부산진구,2012,392731
부산,부산진구,2013,389765
부산,부산진구,2014,387378
부산,부산진구,2015,381572
부산,부산진구,2016,376526
부산,부산진구,2017,371703
부산,부산진구,2018,362357
부산,부산진구,2019,357880
부산,부산진구,2020,359886
부산,부산진구,2021,353159
부산,부산진구,2022,355917
부산,부산진구,2023,359508
부산,부산진구,2024,359281
부산,부산진구,2025,365378
부산,북구,2007,325302
부산,북구,2008,318859
부산,북구,2009,314227
부산,북구,2010,312218
부산,북구,2011,307988
부산,북구,2012,312937
부산,북구,2013,309719
부산,북구,2014,306974
부산,북구,2015,310484
부산,북구,2016,310202
부산,북구,2017,302924
부산,북구,2018,296952
부산,북구,2019,291132
부산,북구,2020,283952
부산,북구,2021,283211
부산,북구,2022,278857
부산,북구,2023,273596
부산,북구,2024,267692
부산,북구,2025,262862
부산,사상구,2007,265512
부산,사상구,2008,260897
부산,사상구,2009,255274
부산,사상구,2010,257843
부산,사상구,2011,254413
부산,사상구,2012,250424
부산,사상구,2013,246797
부산,사상구,2014,242953
부산,사상구,2015,237711
부산,사상구,2016,232800
부산,사상구,2017,229219
부산,사상구,2018,223361
부산,사상구,2019,218094
부산,사상구,2020,212586
부산,사상구,2021,208298
부산,사상구,2022,203789
부산,사상구,2023,202932
부산,사상구,2024,198635
부산,사상구,2025,194124
부산,사하구,2007,364693
부산,사하구,2008,365368
부산,사하구,2009,359800
부산,사하구,2010,358730
부산,사하구,2011,355443
부산,사하구,2012,352726
부산,사하구,2013,349110
부산,사하구,2014,343371
부산,사하구,2015,337781
부산,사하구,2016,334603
부산,사하구,2017,333301
부산,사하구,2018,327791
부산,사하구,2019,321004
부산,사하구,2020,311757
부산,사하구,2021,306003
부산,사하구,2022,301987
부산,사하구,2023,297831
부산,사하구,2024,292491
부산,사하구,2025,286222
부산,서구,2007,132803
부산,서구,2008,129385
부산,서구,2009,125785
부산,서구,2010,126040
부산,서구,2011,123718
부산,서구,2012,120828
부산,서구,2013,118783
부산,서구,2014,118115
부산,서구,2015,115963
부산,서구,2016,112973
부산,서구,2017,110039
부산,서구,2018,110534
부산,서구,2019,108229
부산,서구,2020,108135
부산,서구,2021,105164
부산,서구,2022,105192
부산,서구,2023,104089
부산,서구,2024,103188
부산,서구,2025,101892
부산,수영구,2007,178253
부산,수영구,2008,177140
부산,수영구,2009,177292
부산,수영구,2010,178267
부산,수영구,2011,176691
부산,수영구,2012,176666
부산,수영구,2013,175098
부산,수영구,2014,178480
부산,수영구,2015,179795
부산,수영구,2016,179324
부산,수영구,2017,179996
부산,수영구,2018,176246
부산,수영구,2019,176148
부산,수영구,2020,176894
부산,수영구,2021,175095
부산,수영구,2022,174806
부산,수영구,2023,174518
부산,수영구,2024,171918
부산,수영구,2025,169112
부산,연제구,2007,212658
부산,연제구,2008,212810
부산,연제구,2009,210390
부산,연제구,2010,212696
부산,연제구,2011,213326
부산,연제구,2012,211536
부산,연제구,2013,209290
부산,연제구,2014,208012
부산,연제구,2015,210718
부산,연제구,2016,207268
부산,연제구,2017,206742
부산,연제구,2018,207840
부산,연제구,2019,209395
부산,연제구,2020,209157
부산,연제구,2021,207144
부산,연제구,2022,203536
부산,연제구,2023,205766
부산,연제구,2024,212589
부산,연제구,2025,211727
부산,영도구,2007,155273
부산,영도구,2008,152118
부산,영도구,2009,148139
부산,영도구,2010,146798
부산,영도구,2011,143205
부산,영도구,2012,139765
부산,영도구,2013,135816
부산,영도구,2014,132102
부산,영도구,2015,129385
부산,영도구,2016,126362
부산,영도구,2017,123521
부산,영도구,2018,120109
부산,영도구,2019,116711
부산,영도구,2020,113342
부산,영도구,2021,110638
부산,영도구,2022,108156
부산,영도구,2023,106548
부산,영도구,2024,103737
부산,영도구,2025,101580
부산,중구,2007,50004
부산,중구,2008,49565
부산,중구,2009,48905
부산,중구,2010,49442
부산,중구,2011,48686
부산,중구,2012,48148
부산,중구,2013,47345
부산,중구,2014,46737
부산,중구,2015,45816
부산,중구,2016,45208
부산,중구,2017,44218
부산,중구,2018,42795
부산,중구,2019,41910
부산,중구,2020,41523
부산,중구,2021,40524
부산,중구,2022,39689
부산,중구,2023,38619
부산,중구,2024,37537
부산,중구,2025,36518
부산,해운대구,2007,423816
부산,해운대구,2008,424455
부산,해운대구,2009,424974
부산,해운대구,2010,426729
부산,해운대구,2011,425618
부산,해운대구,2012,428188
부산,해운대구,2013,425536
부산,해운대구,2014,423531
부산,해운대구,2015,422818
부산,해운대구,2016,419853
부산,해운대구,2017,412039
부산,해운대구,2018,409347
부산,해운대구,2019,406102
부산,해운대구,2020,402169
부산,해운대구,2021,396438
부산,해운대구,2022,386785
부산,해운대구,2023,380448
부산,해운대구,2024,376404
부산,해운대구,2025,372604
서울,강남구,2007,560958
서울,강남구,2008,557832
서울,강남구,2009,562138
서울,강남구,2010,570095
서울,강남구,2011,565710
서울,강남구,2012,564197
서울,강남구,2013,563599
서울,강남구,2014,578114
서울,강남구,2015,576495
서울,강남구,2016,567115
서울,강남구,2017,556164
서울,강남구,2018,542364
서울,강남구,2019,545169
서울,강남구,2020,539231
서울,강남구,2021,533042
서울,강남구,2022,529102
서울,강남구,2023,544873
서울,강남구,2024,557345
서울,강남구,2025,556330
서울,강동구,2007,464546
서울,강동구,2008,469024
서울,강동구,2009,484745
서울,강동구,2010,491871
서울,강동구,2011,495138
서울,강동구,2012,487905
서울,강동구,2013,483379
서울,강동구,2014,476597
서울,강동구,2015,458658
서울,강동구,2016,444168
서울,강동구,2017,436223
서울,강동구,2018,427573
서울,강동구,2019,436067
서울,강동구,2020,459970
서울,강동구,2021,462664
서울,강동구,2022,460067
서울,강동구,2023,459167
서울,강동구,2024,476942
서울,강동구,2025,499127
서울,강북구,2007,345478
서울,강북구,2008,342274
서울,강북구,2009,340367
서울,강북구,2010,346520
서울,강북구,2011,345054
서울,강북구,2012,343157
서울,강북구,2013,338707
서울,강북구,2014,335025
서울,강북구,2015,330873
서울,강북구,2016,327195
서울,강북구,2017,324479
서울,강북구,2018,319164
서울,강북구,2019,313954
서울,강북구,2020,308055
서울,강북구,2021,299182
서울,강북구,2022,293660
서울,강북구,2023,288113
서울,강북구,2024,283597
서울,강북구,2025,278928
서울,강서구,2007,560424
서울,강서구,2008,576848
서울,강서구,2009,572836
서울,강서구,2010,574127
서울,강서구,2011,569072
서울,강서구,2012,567431
서울,강서구,2013,569070
서울,강서구,2014,585160
서울,강서구,2015,589074
서울,강서구,2016,595485
서울,강서구,2017,601691
서울,강서구,2018,596949
서울,강서구,2019,591796
서울,강서구,2020,580185
서울,강서구,2021,574315
서울,강서구,2022,569166
서울,강서구,2023,563058
서울,강서구,2024,556171
서울,강서구,2025,549711
서울,관악구,2007,535571
서울,관악구,2008,534556
서울,관악구,2009,529869
서울,관악구,2010,531434
서울,관악구,2011,526397
서울,관악구,2012,523029
서울,관악구,2013,518028
서울,관악구,2014,513186
서울,관악구,2015,509663
서울,관악구,2016,506851
서울,관악구,2017,503297
서울,관악구,2018,501957
서울,관악구,2019,500094
서울,관악구,2020,495060
서울,관악구,2021,485699
서울,관악구,2022,486752
서울,관악구,2023,481956
서울,관악구,2024,477812
서울,관악구,2025,477605
서울,광진구,2007,376572
서울,광진구,2008,375482
서울,광진구,2009,373998
서울,광진구,2010,375463
서울,광진구,2011,371936
서울,광진구,2012,371313
서울,광진구,2013,368927
서울,광진구,2014,363354
서울,광진구,2015,360369
서울,광진구,2016,357215
서울,광진구,2017,357703
서울,광진구,2018,355559
서울,광진구,2019,351350
서울,광진구,2020,346682
서울,광진구,2021,339996
서울,광진구,2022,337416
서울,광진구,2023,335554
서울,광진구,2024,331963
서울,광진구,2025,331167
서울,구로구,2007,420542
서울,구로구,2008,420795
서울,구로구,2009,421967
서울,구로구,2010,423736
서울,구로구,2011,427468
서울,구로구,2012,427520
서울,구로구,2013,424964
서울,구로구,2014,425831
서울,구로구,2015,422092
서울,구로구,2016,417551
서울,구로구,2017,410742
서울,구로구,2018,404497
서울,구로구,2019,406664
서울,구로구,2020,404408
서울,구로구,2021,396754
서울,구로구,2022,395315
서울,구로구,2023,392405
서울,구로구,2024,388169
서울,구로구,2025,383829
서울,금천구,2007,249108
서울,금천구,2008,247320
서울,금천구,2009,244835
서울,금천구,2010,245195
서울,금천구,2011,243438
서울,금천구,2012,243288
서울,금천구,2013,241020
서울,금천구,2014,238463
서울,금천구,2015,236284
서울,금천구,2016,235386
서울,금천구,2017,235154
서울,금천구,2018,233917
서울,금천구,2019,232810
서울,금천구,2020,231733
서울,금천구,2021,230811
서울,금천구,2022,229642
서울,금천구,2023,227481
서울,금천구,2024,225159
서울,금천구,2025,223290
서울,노원구,2007,616753
서울,노원구,2008,615981
서울,노원구,2009,610616
서울,노원구,2010,611230
서울,노원구,2011,603930
서울,노원구,2012,597189
서울,노원구,2013,590479
서울,노원구,2014,582552
서울,노원구,2015,574583
서울,노원구,2016,567581
서울,노원구,2017,554403
서울,노원구,2018,543752
서울,노원구,2019,532905
서울,노원구,2020,523037
서울,노원구,2021,510956
서울,노원구,2022,503734
서울,노원구,2023,498213
서울,노원구,2024,491247
서울,노원구,2025,483541
서울,도봉구,2007,375975
서울,도봉구,2008,373936
서울,도봉구,2009,369733
서울,도봉구,2010,368298
서울,도봉구,2011,365573
서울,도봉구,2012,362270
서울,도봉구,2013,358582
서울,도봉구,2014,353709
서울,도봉구,2015,351242
서울,도봉구,2016,348220
서울,도봉구,2017,344166
서울,도봉구,2018,339413
서울,도봉구,2019,333362
서울,도봉구,2020,325257
서울,도봉구,2021,317366
서울,도봉구,2022,311694
서울,도봉구,2023,306948
서울,도봉구,2024,303228
서울,도봉구,2025,299899
서울,동대문구,2007,376421
서울,동대문구,2008,370250
서울,동대문구,2009,362146
서울,동대문구,2010,366786
서울,동대문구,2011,365486
서울,동대문구,2012,363258
서울,동대문구,2013,364273
서울,동대문구,2014,363687
서울,동대문구,2015,360153
서울,동대문구,2016,355069
서울,동대문구,2017,350647
서울,동대문구,2018,348052
서울,동대문구,2019,346194
서울,동대문구,2020,342837
서울,동대문구,2021,337400
서울,동대문구,2022,336644
서울,동대문구,2023,341149
서울,동대문구,2024,338735
서울,동대문구,2025,346241
서울,동작구,2007,405967
서울,동작구,2008,400866
서울,동작구,2009,397920
서울,동작구,2010,402709
서울,동작구,2011,401408
서울,동작구,2012,405491
서울,동작구,2013,410815
서울,동작구,2014,407470
서울,동작구,2015,400641
서울,동작구,2016,400997
서울,동작구,2017,396217
서울,동작구,2018,396203
서울,동작구,2019,395963
서울,동작구,2020,391220
서울,동작구,2021,385483
서울,동작구,2022,380596
서울,동작구,2023,378769
서울,동작구,2024,375799
서울,동작구,2025,371924
서울,마포구,2007,392650
서울,마포구,2008,385119
서울,마포구,2009,384013
서울,마포구,2010,391865
서울,마포구,2011,389493
서울,마포구,2012,384644
서울,마포구,2013,381856
서울,마포구,2014,385439
서울,마포구,2015,387643
서울,마포구,2016,379892
서울,마포구,2017,374915
서울,마포구,2018,375077
서울,마포구,2019,374035
서울,마포구,2020,371890
서울,마포구,2021,368905
서울,마포구,2022,364638
서울,마포구,2023,363697
서울,마포구,2024,361417
서울,마포구,2025,357616
서울,서대문구,2007,348575
서울,서대문구,2008,331688
서울,서대문구,2009,327451
서울,서대문구,2010,324541
서울,서대문구,2011,314852
서울,서대문구,2012,315113
서울,서대문구,2013,314110
서울,서대문구,2014,310376
서울,서대문구,2015,312141
서울,서대문구,2016,314194
서울,서대문구,2017,312800
서울,서대문구,2018,310313
서울,서대문구,2019,309397
서울,서대문구,2020,312173
서울,서대문구,2021,304819
서울,서대문구,2022,306337
서울,서대문구,2023,306231
서울,서대문구,2024,302853
서울,서대문구,2025,300147
서울,서초구,2007,405969
서울,서초구,2008,406320
서울,서초구,2009,425481
서울,서초구,2010,434720
서울,서초구,2011,433564
서울,서초구,2012,435044
서울,서초구,2013,441763
서울,서초구,2014,449678
서울,서초구,2015,446764
서울,서초구,2016,447192
서울,서초구,2017,441102
서울,서초구,2018,433951
서울,서초구,2019,430826
서울,서초구,2020,425126
서울,서초구,2021,412279
서울,서초구,2022,404325
서울,서초구,2023,407664
서울,서초구,2024,408376
서울,서초구,2025,414428
서울,성동구,2007,333535
서울,성동구,2008,314212
서울,성동구,2009,308058
서울,성동구,2010,309093
서울,성동구,2011,300711
서울,성동구,2012,299604
서울,성동구,2013,299337
서울,성동구,2014,296086
서울,성동구,2015,297003
서울,성동구,2016,299259
서울,성동구,2017,304808
서울,성동구,2018,308221
서울,성동구,2019,300889
서울,성동구,2020,293556
서울,성동구,2021,285990
서울,성동구,2022,281000
서울,성동구,2023,277361
서울,성동구,2024,273669
서울,성동구,2025,274606
서울,성북구,2007,469973
서울,성북구,2008,473357
서울,성북구,2009,476028
서울,성북구,2010,488932
서울,성북구,2011,485171
서울,성북구,2012,481857
서울,성북구,2013,476589
서울,성북구,2014,466706
서울,성북구,2015,459275
서울,성북구,2016,450355
서울,성북구,2017,444055
서울,성북구,2018,435868
서울,성북구,2019,442650
서울,성북구,2020,437153
서울,성북구,2021,430528
서울,성북구,2022,430397
서울,성북구,2023,425602
서울,성북구,2024,421560
서울,성북구,2025,422559
서울,송파구,2007,623876
서울,송파구,2008,668962
서울,송파구,2009,681476
서울,송파구,2010,685279
서울,송파구,2011,682209
서울,송파구,2012,673115
서울,송파구,2013,668415
서울,송파구,2014,664738
서울,송파구,2015,660302
서울,송파구,2016,657831
서울,송파구,2017,664496
서울,송파구,2018,666635
서울,송파구,2019,675961
서울,송파구,2020,667960
서울,송파구,2021,658338
서울,송파구,2022,658801
서울,송파구,2023,654166
서울,송파구,2024,650110
서울,송파구,2025,643350
서울,양천구,2007,503650
서울,양천구,2008,502343
서울,양천구,2009,501395
서울,양천구,2010,500001
서울,양천구,2011,500210
서울,양천구,2012,495911
서울,양천구,2013,492528
서울,양천구,2014,486221
서울,양천구,2015,484532
서울,양천구,2016,477739
서울,양천구,2017,471154
서울,양천구,2018,464185
서울,양천구,2019,458165
서울,양천구,2020,454251
서울,양천구,2021,447302
서울,양천구,2022,440881
서울,양천구,2023,436028
서울,양천구,2024,430976
서울,양천구,2025,425088
서울,영등포구,2007,408178
서울,영등포구,2008,408099
서울,영등포구,2009,405798
서울,영등포구,2010,406833
서울,영등포구,2011,397443
서울,영등포구,2012,391408
서울,영등포구,2013,386471
서울,영등포구,2014,382352
서울,영등포구,2015,378504
서울,영등포구,2016,370613
서울,영등포구,2017,368550
서울,영등포구,2018,367778
서울,영등포구,2019,367678
서울,영등포구,2020,379480
서울,영등포구,2021,376837
서울,영등포구,2022,375675
서울,영등포구,2023,374794
서울,영등포구,2024,373773
서울,영등포구,2025,371362
서울,용산구,2007,235832
서울,용산구,2008,238224
서울,용산구,2009,238708
서울,용산구,2010,244853
서울,용산구,2011,246501
서울,용산구,2012,243232
서울,용산구,2013,239740
서울,용산구,2014,235951
서울,용산구,2015,233342
서울,용산구,2016,230241
서울,용산구,2017,229161
서울,용산구,2018,228999
서울,용산구,2019,228670
서울,용산구,2020,230040
서울,용산구,2021,222953
서울,용산구,2022,218650
서울,용산구,2023,213151
서울,용산구,2024,203854
서울,용산구,2025,201894
서울,은평구,2007,459196
서울,은평구,2008,458401
서울,은평구,2009,465895
서울,은평구,2010,488109
서울,은평구,2011,493634
서울,은평구,2012,501480
서울,은평구,2013,503660
서울,은평구,2014,498644
서울,은평구,2015,497920
서울,은평구,2016,491476
서울,은평구,2017,486794
서울,은평구,2018,483197
서울,은평구,2019,480032
서울,은평구,2020,479835
서울,은평구,2021,473307
서울,은평구,2022,466746
서울,은평구,2023,466770
서울,은평구,2024,460919
서울,은평구,2025,455137
서울,종로구,2007,165846
서울,종로구,2008,170705
서울,종로구,2009,168603
서울,종로구,2010,170578
서울,종로구,2011,168382
서울,종로구,2012,165207
서울,종로구,2013,160070
서울,종로구,2014,156993
서울,종로구,2015,154986
서울,종로구,2016,152737
서울,종로구,2017,154770
서울,종로구,2018,153065
서울,종로구,2019,151290
서울,종로구,2020,149384
서울,종로구,2021,144683
서울,종로구,2022,141379
서울,종로구,2023,139417
서울,종로구,2024,138336
서울,종로구,2025,137048
서울,중구,2007,130044
서울,중구,2008,130362
서울,중구,2009,129465
서울,중구,2010,132822
서울,중구,2011,133193
서울,중구,2012,133360
서울,중구,2013,130465
서울,중구,2014,128065
서울,중구,2015,125733
서울,중구,2016,125249
서울,중구,2017,125709
서울,중구,2018,125725
서울,중구,2019,126171
서울,중구,2020,125240
서울,중구,2021,122499
서울,중구,2022,120437
서울,중구,2023,121312
서울,중구,2024,120544
서울,중구,2025,117805
서울,중랑구,2007,427071
서울,중랑구,2008,427871
서울,중랑구,2009,424761
서울,중랑구,2010,427455
서울,중랑구,2011,423706
서울,중랑구,2012,419295
서울,중랑구,2013,416798
서울,중랑구,2014,418836
서울,중랑구,2015,413909
서울,중랑구,2016,411005
서울,중랑구,2017,408226
서울,중랑구,2018,403209
서울,중랑구,2019,397015
서울,중랑구,2020,394702
서울,중랑구,2021,387350
서울,중랑구,2022,385318
서울,중랑구,2023,382155
서울,중랑구,2024,379274
서울,중랑구,2025,376916
울산,남구,2007,342675
울산,남구,2008,343922
울산,남구,2009,343740
울산,남구,2010,344131
울산,남구,2011,343504
울산,남구,2012,346836
울산,남구,2013,349064
울산,남구,2014,347759
울산,남구,2015,343598
울산,남구,2016,340714
울산,남구,2017,335439
울산,남구,2018,330732
울산,남구,2019,323819
울산,남구,2020,320064
울산,남구,2021,313819
울산,남구,2022,310638
울산,남구,2023,307232
울산,남구,2024,304885
울산,남구,2025,304128
울산,동구,2007,181844
울산,동구,2008,176431
울산,동구,2009,173841
울산,동구,2010,170764
울산,동구,2011,172172
울산,동구,2012,175479
울산,동구,2013,178468
울산,동구,2014,176668
울산,동구,2015,174963
울산,동구,2016,174514
울산,동구,2017,169605
울산,동구,2018,164642
울산,동구,2019,159656
울산,동구,2020,156806
울산,동구,2021,154096
울산,동구,2022,151711
울산,동구,2023,152287
울산,동구,2024,150836
울산,동구,2025,149257
울산,북구,2007,155642
울산,북구,2008,166469
울산,북구,2009,171674
울산,북구,2010,177488
울산,북구,2011,182504
울산,북구,2012,184088
울산,북구,2013,185695
울산,북구,2014,188733
울산,북구,2015,191063
울산,북구,2016,195285
울산,북구,2017,200718
울산,북구,2018,206434
울산,북구,2019,217796
울산,북구,2020,219014
울산,북구,2021,218735
울산,북구,2022,218670
울산,북구,2023,216477
울산,북구,2024,216522
울산,북구,2025,215220
울산,울주군,2007,183261
울산,울주군,2008,191687
울산,울주군,2009,195399
울산,울주군,2010,201000
울산,울주군,2011,204680
울산,울주군,2012,207840
울산,울주군,2013,208646
울산,울주군,2014,214392
울산,울주군,2015,219429
울산,울주군,2016,219255
울산,울주군,2017,220718
울산,울주군,2018,221842
울산,울주군,2019,223167
울산,울주군,2020,222538
울산,울주군,2021,222059
울산,울주군,2022,221512
울산,울주군,2023,218997
울산,울주군,2024,218806
울산,울주군,2025,219174
울산,중구,2007,236573
울산,중구,2008,233898
울산,중구,2009,230212
울산,중구,2010,232915
울산,중구,2011,232634
울산,중구,2012,233013
울산,중구,2013,234607
울산,중구,2014,238825
울산,중구,2015,244481
울산,중구,2016,242536
울산,중구,2017,238652
울산,중구,2018,231973
울산,중구,2019,223581
울산,중구,2020,217595
울산,중구,2021,212883
울산,중구,2022,208132
울산,중구,2023,208668
울산,중구,2024,207000
울산,중구,2025,204169
인천,강화군,2007,66466
인천,강화군,2008,67387
인천,강화군,2009,67049
인천,강화군,2010,67104
인천,강화군,2011,66779
인천,강화군,2012,66752
인천,강화군,2013,66735
인천,강화군,2014,67118
인천,강화군,2015,67667
인천,강화군,2016,68010
인천,강화군,2017,68754
인천,강화군,2018,68896
인천,강화군,2019,69178
인천,강화군,2020,69203
인천,강화군,2021,69693
인천,강화군,2022,69803
인천,강화군,2023,69005
인천,강화군,2024,69402
인천,강화군,2025,69698
인천,계양구,2007,342564
인천,계양구,2008,342299
인천,계양구,2009,344039
인천,계양구,2010,347810
인천,계양구,2011,344299
인천,계양구,2012,342202
인천,계양구,2013,343806
인천,계양구,2014,339538
인천,계양구,2015,334332
인천,계양구,2016,330284
인천,계양구,2017,323784
인천,계양구,2018,312680
인천,계양구,2019,303471
인천,계양구,2020,296750
인천,계양구,2021,295696
인천,계양구,2022,288856
인천,계양구,2023,280266
인천,계양구,2024,280227
인천,계양구,2025,277721
인천,남구,2007,412379
인천,남구,2008,420741
인천,남구,2009,419935
인천,남구,2010,423876
인천,남구,2011,417996
인천,남구,2012,414500
인천,남구,2013,411330
인천,남구,2014,408305
인천,남구,2015,404893
인천,남구,2016,417103
인천,남구,2017,419267
인천,남구,2018,416542
인천,남구,2019,408862
인천,남구,2020,404343
인천,남구,2021,407464
인천,남구,2022,406004
인천,남구,2023,405995
인천,남구,2024,412274
인천,남구,2025,417578
인천,남동구,2007,425217
인천,남동구,2008,450054
인천,남동구,2009,463414
인천,남동구,2010,473423
인천,남동구,2011,495469
인천,남동구,2012,503597
인천,남동구,2013,507021
인천,남동구,2014,514656
인천,남동구,2015,531395
인천,남동구,2016,530982
인천,남동구,2017,536578
인천,남동구,2018,537161
인천,남동구,2019,532704
인천,남동구,2020,525354
인천,남동구,2021,518272
인천,남동구,2022,506181
인천,남동구,2023,492415
인천,남동구,2024,486225
인천,남동구,2025,480147
인천,동구,2007,74087
인천,동구,2008,74866
인천,동구,2009,77308
인천,동구,2010,79663
인천,동구,2011,78692
인천,동구,2012,76720
인천,동구,2013,75093
인천,동구,2014,73978
인천,동구,2015,72571
인천,동구,2016,71014
인천,동구,2017,69487
인천,동구,2018,66233
인천,동구,2019,64427
인천,동구,2020,62542
인천,동구,2021,61486
인천,동구,2022,58999
인천,동구,2023,59482
인천,동구,2024,58296
인천,동구,2025,56477
인천,부평구,2007,568905
인천,부평구,2008,569246
인천,부평구,2009,563920
인천,부평구,2010,567493
인천,부평구,2011,560936
인천,부평구,2012,559047
인천,부평구,2013,556985
인천,부평구,2014,556992
인천,부평구,2015,555844
인천,부평구,2016,549716
인천,부평구,2017,539941
인천,부평구,2018,524640
인천,부평구,2019,511577
인천,부평구,2020,494962
인천,부평구,2021,486765
인천,부평구,2022,489118
인천,부평구,2023,494138
인천,부평구,2024,493200
인천,부평구,2025,490442
인천,서구,2007,399430
인천,서구,2008,393346
인천,서구,2009,395508
인천,서구,2010,408068
인천,서구,2011,436134
인천,서구,2012,469887
인천,서구,2013,490035
인천,서구,2014,498686
인천,서구,2015,504606
인천,서구,2016,510733
인천,서구,2017,516017
인천,서구,2018,538596
인천,서구,2019,544556
인천,서구,2020,542040
인천,서구,2021,555380
인천,서구,2022,589013
인천,서구,2023,624358
인천,서구,2024,634064
인천,서구,2025,654358
인천,연수구,2007,268780
인천,연수구,2008,268668
인천,연수구,2009,271497
인천,연수구,2010,279230
인천,연수구,2011,287903
인천,연수구,2012,292589
인천,연수구,2013,300305
인천,연수구,2014,310703
인천,연수구,2015,319052
인천,연수구,2016,328627
인천,연수구,2017,335142
인천,연수구,2018,346359
인천,연수구,2019,366550
인천,연수구,2020,387450
인천,연수구,2021,389644
인천,연수구,2022,385796
인천,연수구,2023,392416
인천,연수구,2024,400213
인천,연수구,2025,409437
인천,옹진군,2007,16980
인천,옹진군,2008,17376
인천,옹진군,2009,18221
인천,옹진군,2010,18739
인천,옹진군,2011,19485
인천,옹진군,2012,20039
인천,옹진군,2013,20698
인천,옹진군,2014,20703
인천,옹진군,2015,20962
인천,옹진군,2016,21351
인천,옹진군,2017,21573
인천,옹진군,2018,21036
인천,옹진군,2019,20566
인천,옹진군,2020,20455
인천,옹진군,2021,20342
인천,옹진군,2022,20613
인천,옹진군,2023,20377
인천,옹진군,2024,19996
인천,옹진군,2025,19636
인천,중구,2007,89768
인천,중구,2008,88713
인천,중구,2009,89688
인천,중구,2010,92890
인천,중구,2011,93581
인천,중구,2012,98648
인천,중구,2013,107774
인천,중구,2014,111929
인천,중구,2015,114493
인천,중구,2016,115249
인천,중구,2017,117999
인천,중구,2018,122499
인천,중구,2019,135135
인천,중구,2020,139729
인천,중구,2021,143633
인천,중구,2022,152931
인천,중구,2023,158958
인천,중구,2024,167113
인천,중구,2025,176467
전남,강진군,2007,41352
전남,강진군,2008,41153
전남,강진군,2009,41164
전남,강진군,2010,41624
전남,강진군,2011,41599
전남,강진군,2012,40241
전남,강진군,2013,40079
전남,강진군,2014,39861
전남,강진군,2015,38758
전남,강진군,2016,37753
전남,강진군,2017,36868
전남,강진군,2018,36144
전남,강진군,2019,35286
전남,강진군,2020,34597
전남,강진군,2021,33753
전남,강진군,2022,33177
전남,강진군,2023,32722
전남,강진군,2024,32189
전남,강진군,2025,31799
전남,고흥군,2007,78589
전남,고흥군,2008,76605
전남,고흥군,2009,75127
전남,고흥군,2010,73924
전남,고흥군,2011,72607
전남,고흥군,2012,71560
전남,고흥군,2013,70631
전남,고흥군,2014,69641
전남,고흥군,2015,68601
전남,고흥군,2016,67656
전남,고흥군,2017,66736
전남,고흥군,2018,65777
전남,고흥군,2019,64913
전남,고흥군,2020,63922
전남,고흥군,2021,62762
전남,고흥군,2022,61880
전남,고흥군,2023,61113
전남,고흥군,2024,60190
전남,고흥군,2025,59455
전남,곡성군,2007,33311
전남,곡성군,2008,32608
전남,곡성군,2009,32084
전남,곡성군,2010,31886
전남,곡성군,2011,31332
전남,곡성군,2012,30878
전남,곡성군,2013,31009
전남,곡성군,2014,30732
전남,곡성군,2015,30672
전남,곡성군,2016,30400
전남,곡성군,2017,30131
전남,곡성군,2018,29624
전남,곡성군,2019,28887
전남,곡성군,2020,28039
전남,곡성군,2021,27535
전남,곡성군,2022,27060
전남,곡성군,2023,26905
전남,곡성군,2024,26566
전남,곡성군,2025,27287
전남,광양시,2007,138865
전남,광양시,2008,141388
전남,광양시,2009,143461
전남,광양시,2010,145512
전남,광양시,2011,150725
전남,광양시,2012,150837
전남,광양시,2013,151621
전남,광양시,2014,152097
전남,광양시,2015,153587
전남,광양시,2016,155580
전남,광양시,2017,155857
전남,광양시,2018,156564
전남,광양시,2019,156750
전남,광양시,2020,151769
전남,광양시,2021,150531
전남,광양시,2022,152168
전남,광양시,2023,152666
전남,광양시,2024,154692
전남,광양시,2025,155259
전남,구례군,2007,28203
전남,구례군,2008,27703
전남,구례군,2009,27518
전남,구례군,2010,27375
전남,구례군,2011,27422
전남,구례군,2012,27077
전남,구례군,2013,27115
전남,구례군,2014,27170
전남,구례군,2015,27308
전남,구례군,2016,27412
전남,구례군,2017,27525
전남,구례군,2018,27117
전남,구례군,2019,26563
전남,구례군,2020,25719
전남,구례군,2021,25235
전남,구례군,2022,24655
전남,구례군,2023,24314
전남,구례군,2024,24025
전남,구례군,2025,23803
전남,나주시,2007,95439
전남,나주시,2008,92884
전남,나주시,2009,90875
전남,나주시,2010,90118
전남,나주시,2011,88243
전남,나주시,2012,88067
전남,나주시,2013,87754
전남,나주시,2014,90669
전남,나주시,2015,98182
전남,나주시,2016,104376
전남,나주시,2017,110110
전남,나주시,2018,113839
전남,나주시,2019,114664
전남,나주시,2020,115613
전남,나주시,2021,116726
전남,나주시,2022,116456
전남,나주시,2023,117377
전남,나주시,2024,116654
전남,나주시,2025,117076
전남,담양군,2007,50441
전남,담양군,2008,48347
전남,담양군,2009,47286
전남,담양군,2010,47808
전남,담양군,2011,47819
전남,담양군,2012,47612
전남,담양군,2013,47365
전남,담양군,2014,47177
전남,담양군,2015,47009
전남,담양군,2016,47229
전남,담양군,2017,47285
전남,담양군,2018,46917
전남,담양군,2019,46535
전남,담양군,2020,46280
전남,담양군,2021,46180
전남,담양군,2022,45792
전남,담양군,2023,45373
전남,담양군,2024,44623
전남,담양군,2025,44177
전남,목포시,2007,243312
전남,목포시,2008,245651
전남,목포시,2009,244339
전남,목포시,2010,245422
전남,목포시,2011,244871
전남,목포시,2012,245073
전남,목포시,2013,240936
전남,목포시,2014,239109
전남,목포시,2015,238382
전남,목포시,2016,237739
전남,목포시,2017,234379
전남,목포시,2018,232327
전남,목포시,2019,229861
전남,목포시,2020,224044
전남,목포시,2021,218589
전남,목포시,2022,216939
전남,목포시,2023,214156
전남,목포시,2024,209890
전남,목포시,2025,202003
전남,무안군,2007,63674
전남,무안군,2008,66598
전남,무안군,2009,72417
전남,무안군,2010,74475
전남,무안군,2011,75718
전남,무안군,2012,75741
전남,무안군,2013,79367
전남,무안군,2014,81696
전남,무안군,2015,82236
전남,무안군,2016,82109
전남,무안군,2017,82872
전남,무안군,2018,81991
전남,무안군,2019,81105
전남,무안군,2020,86132
전남,무안군,2021,91107
전남,무안군,2022,90608
전남,무안군,2023,90296
전남,무안군,2024,92687
전남,무안군,2025,95592
전남,보성군,2007,50921
전남,보성군,2008,50004
전남,보성군,2009,49048
전남,보성군,2010,48792
전남,보성군,2011,47894
전남,보성군,2012,47050
전남,보성군,2013,46385
전남,보성군,2014,45882
전남,보성군,2015,45349
전남,보성군,2016,44469
전남,보성군,2017,43755
전남,보성군,2018,42803
전남,보성군,2019,41420
전남,보성군,2020,40482
전남,보성군,2021,39375
전남,보성군,2022,38471
전남,보성군,2023,37686
전남,보성군,2024,37045
전남,보성군,2025,36858
전남,순천시,2007,270380
전남,순천시,2008,269429
전남,순천시,2009,269516
전남,순천시,2010,272620
전남,순천시,2011,272201
전남,순천시,2012,273798
전남,순천시,2013,275668
전남,순천시,2014,277188
전남,순천시,2015,278765
전남,순천시,2016,278548
전남,순천시,2017,279331
전남,순천시,2018,279389
전남,순천시,2019,279598
전남,순천시,2020,282189
전남,순천시,2021,281436
전남,순천시,2022,278737
전남,순천시,2023,278137
전남,순천시,2024,276329
전남,순천시,2025,275492
전남,신안군,2007,45968
전남,신안군,2008,45718
전남,신안군,2009,45294
전남,신안군,2010,45428
전남,신안군,2011,44355
전남,신안군,2012,43898
전남,신안군,2013,44162
전남,신안군,2014,43747
전남,신안군,2015,43294
전남,신안군,2016,42652
전남,신안군,2017,42070
전남,신안군,2018,41263
전남,신안군,2019,40274
전남,신안군,2020,38938
전남,신안군,2021,38217
전남,신안군,2022,37858
전남,신안군,2023,38037
전남,신안군,2024,38173
전남,신안군,2025,41858
전남,여수시,2007,295439
전남,여수시,2008,295133
전남,여수시,2009,293546
전남,여수시,2010,293488
전남,여수시,2011,292750
전남,여수시,2012,292217
전남,여수시,2013,291366
전남,여수시,2014,290900
전남,여수시,2015,290168
전남,여수시,2016,288988
전남,여수시,2017,286382
전남,여수시,2018,283300
전남,여수시,2019,282786
전남,여수시,2020,280242
전남,여수시,2021,276762
전남,여수시,2022,274765
전남,여수시,2023,271696
전남,여수시,2024,267816
전남,여수시,2025,263284
전남,영광군,2007,58837
전남,영광군,2008,58075
전남,영광군,2009,57037
전남,영광군,2010,57362
전남,영광군,2011,56863
전남,영광군,2012,57224
전남,영광군,2013,57617
전남,영광군,2014,56833
전남,영광군,2015,56267
전남,영광군,2016,55618
전남,영광군,2017,54774
전남,영광군,2018,54127
전남,영광군,2019,53852
전남,영광군,2020,53099
전남,영광군,2021,51985
전남,영광군,2022,52197
전남,영광군,2023,51750
전남,영광군,2024,52098
전남,영광군,2025,53526
전남,영암군,2007,60742
전남,영암군,2008,60106
전남,영암군,2009,59837
전남,영암군,2010,60082
전남,영암군,2011,60139
전남,영암군,2012,59997
전남,영암군,2013,59061
전남,영암군,2014,58852
전남,영암군,2015,58137
전남,영암군,2016,57045
전남,영암군,2017,55616
전남,영암군,2018,54731
전남,영암군,2019,54593
전남,영암군,2020,53699
전남,영암군,2021,52937
전남,영암군,2022,52395
전남,영암군,2023,52350
전남,영암군,2024,51391
전남,영암군,2025,50069
전남,완도군,2007,56201
전남,완도군,2008,54999
전남,완도군,2009,54301
전남,완도군,2010,54269
전남,완도군,2011,54037
전남,완도군,2012,53871
전남,완도군,2013,53619
전남,완도군,2014,53174
전남,완도군,2015,53014
전남,완도군,2016,52668
전남,완도군,2017,52109
전남,완도군,2018,51477
전남,완도군,2019,50689
전남,완도군,2020,49916
전남,완도군,2021,48631
전남,완도군,2022,47597
전남,완도군,2023,46641
전남,완도군,2024,45631
전남,완도군,2025,44613
전남,장성군,2007,47410
전남,장성군,2008,46602
전남,장성군,2009,46214
전남,장성군,2010,46514
전남,장성군,2011,46245
전남,장성군,2012,46289
전남,장성군,2013,46292
전남,장성군,2014,46273
전남,장성군,2015,46360
전남,장성군,2016,46104
전남,장성군,2017,46111
전남,장성군,2018,45795
전남,장성군,2019,45739
전남,장성군,2020,44464
전남,장성군,2021,43365
전남,장성군,2022,43146
전남,장성군,2023,42543
전남,장성군,2024,42026
전남,장성군,2025,42958
전남,장흥군,2007,43468
전남,장흥군,2008,42783
전남,장흥군,2009,42097
전남,장흥군,2010,42394
전남,장흥군,2011,42552
전남,장흥군,2012,42672
전남,장흥군,2013,43004
전남,장흥군,2014,43190
전남,장흥군,2015,43513
전남,장흥군,2016,40669
전남,장흥군,2017,40136
전남,장흥군,2018,39312
전남,장흥군,2019,38563
전남,장흥군,2020,37800
전남,장흥군,2021,36547
전남,장흥군,2022,35650
전남,장흥군,2023,35046
전남,장흥군,2024,34451
전남,장흥군,2025,34201
전남,진도군,2007,35206
전남,진도군,2008,34412
전남,진도군,2009,33931
전남,진도군,2010,33743
전남,진도군,2011,33502
전남,진도군,2012,33208
전남,진도군,2013,32998
전남,진도군,2014,32746
전남,진도군,2015,32476
전남,진도군,2016,32078
전남,진도군,2017,31765
전남,진도군,2018,31219
전남,진도군,2019,30715
전남,진도군,2020,31227
전남,진도군,2021,30066
전남,진도군,2022,29507
전남,진도군,2023,28979
전남,진도군,2024,28478
전남,진도군,2025,27964
전남,함평군,2007,37998
전남,함평군,2008,37432
전남,함평군,2009,37089
전남,함평군,2010,36702
전남,함평군,2011,36134
전남,함평군,2012,35780
전남,함평군,2013,35610
전남,함평군,2014,35090
전남,함평군,2015,34876
전남,함평군,2016,34397
전남,함평군,2017,34328
전남,함평군,2018,33420
전남,함평군,2019,32861
전남,함평군,2020,32050
전남,함평군,2021,31274
전남,함평군,2022,30784
전남,함평군,2023,30601
전남,함평군,2024,30010
전남,함평군,2025,29458
전남,해남군,2007,82529
전남,해남군,2008,81043
전남,해남군,2009,81148
전남,해남군,2010,79579
전남,해남군,2011,78346
전남,해남군,2012,78150
전남,해남군,2013,77684
전남,해남군,2014,76981
전남,해남군,2015,76194
전남,해남군,2016,75121
전남,해남군,2017,73604
전남,해남군,2018,71901
전남,해남군,2019,70354
전남,해남군,2020,68806
전남,해남군,2021,67166
전남,해남군,2022,65831
전남,해남군,2023,64575
전남,해남군,2024,63120
전남,해남군,2025,62188
전남,화순군,2007,71551
전남,화순군,2008,70327
전남,화순군,2009,69675
전남,화순군,2010,69368
전남,화순군,2011,68985
전남,화순군,2012,68378
전남,화순군,2013,67829
전남,화순군,2014,66772
전남,화순군,2015,65848
전남,화순군,2016,65303
전남,화순군,2017,64680
전남,화순군,2018,63933
전남,화순군,2019,62737
전남,화순군,2020,62522
전남,화순군,2021,62624
전남,화순군,2022,62024
전남,화순군,2023,61254
전남,화순군,2024,60735
전남,화순군,2025,60215
전북,고창군,2007,60962
전북,고창군,2008,60328
전북,고창군,2009,60102
전북,고창군,2010,60861
전북,고창군,2011,60065
전북,고창군,2012,60440
전북,고창군,2013,60522
전북,고창군,2014,60090
전북,고창군,2015,60046
전북,고창군,2016,60597
전북,고창군,2017,60472
전북,고창군,2018,57041
전북,고창군,2019,55504
전북,고창군,2020,54529
전북,고창군,2021,53386
전북,고창군,2022,52338
전북,고창군,2023,51750
전북,고창군,2024,50982
전북,고창군,2025,50396
전북,군산시,2007,260562
전북,군산시,2008,263845
전북,군산시,2009,266922
전북,군산시,2010,272601
전북,군산시,2011,275659
전북,군산시,2012,278341
전북,군산시,2013,278319
전북,군산시,2014,278098
전북,군산시,2015,278398
전북,군산시,2016,277551
전북,군산시,2017,274997
전북,군산시,2018,272645
전북,군산시,2019,270131
전북,군산시,2020,267859
전북,군산시,2021,265304
전북,군산시,2022,262467
전북,군산시,2023,259980
전북,군산시,2024,258047
전북,군산시,2025,256291
전북,김제시,2007,97615
전북,김제시,2008,95807
전북,김제시,2009,94770
전북,김제시,2010,94346
전북,김제시,2011,93111
전북,김제시,2012,92317
전북,김제시,2013,91218
전북,김제시,2014,90108
전북,김제시,2015,88721
전북,김제시,2016,87782
전북,김제시,2017,86926
전북,김제시,2018,85331
전북,김제시,2019,83895
전북,김제시,2020,82450
전북,김제시,2021,80913
전북,김제시,2022,81455
전북,김제시,2023,81430
전북,김제시,2024,80635
전북,김제시,2025,81676
전북,남원시,2007,89247
전북,남원시,2008,88356
전북,남원시,2009,87675
전북,남원시,2010,87775
전북,남원시,2011,87455
전북,남원시,2012,87000
전북,남원시,2013,86460
전북,남원시,2014,85643
전북,남원시,2015,84856
전북,남원시,2016,84188
전북,남원시,2017,83281
전북,남원시,2018,82554
전북,남원시,2019,81441
전북,남원시,2020,80662
전북,남원시,2021,79431
전북,남원시,2022,77948
전북,남원시,2023,76781
전북,남원시,2024,75647
전북,남원시,2025,74272
전북,무주군,2007,26361
전북,무주군,2008,26017
전북,무주군,2009,25811
전북,무주군,2010,25578
전북,무주군,2011,25863
전북,무주군,2012,25321
전북,무주군,2013,25398
전북,무주군,2014,25390
전북,무주군,2015,25220
전북,무주군,2016,24949
전북,무주군,2017,24809
전북,무주군,2018,24589
전북,무주군,2019,24303
전북,무주군,2020,24036
전북,무주군,2021,23748
전북,무주군,2022,23489
전북,무주군,2023,23251
전북,무주군,2024,23032
전북,무주군,2025,22787
전북,부안군,2007,61879
전북,부안군,2008,60872
전북,부안군,2009,60204
전북,부안군,2010,60138
전북,부안군,2011,59080
전북,부안군,2012,58869
전북,부안군,2013,59164
전북,부안군,2014,57534
전북,부안군,2015,56848
전북,부안군,2016,57005
전북,부안군,2017,56086
전북,부안군,2018,54441
전북,부안군,2019,53295
전북,부안군,2020,52140
전북,부안군,2021,50795
전북,부안군,2022,50094
전북,부안군,2023,49187
전북,부안군,2024,48066
전북,부안군,2025,47220
전북,순창군,2007,32035
전북,순창군,2008,30920
전북,순창군,2009,30179
전북,순창군,2010,30209
전북,순창군,2011,29497
전북,순창군,2012,30055
전북,순창군,2013,30272
전북,순창군,2014,30368
전북,순창군,2015,30248
전북,순창군,2016,29949
전북,순창군,2017,29698
전북,순창군,2018,29209
전북,순창군,2019,28382
전북,순창군,2020,27810
전북,순창군,2021,26855
전북,순창군,2022,26727
전북,순창군,2023,26764
전북,순창군,2024,26822
전북,순창군,2025,27714
전북,완주군,2007,82972
전북,완주군,2008,83757
전북,완주군,2009,83885
전북,완주군,2010,85119
전북,완주군,2011,84660
전북,완주군,2012,86164
전북,완주군,2013,86978
전북,완주군,2014,90377
전북,완주군,2015,95303
전북,완주군,2016,95480
전북,완주군,2017,95975
전북,완주군,2018,94444
전북,완주군,2019,92220
전북,완주군,2020,91609
전북,완주군,2021,91142
전북,완주군,2022,92422
전북,완주군,2023,97827
전북,완주군,2024,99279
전북,완주군,2025,100444
전북,익산시,2007,313590
전북,익산시,2008,309269
전북,익산시,2009,306669
전북,익산시,2010,307289
전북,익산시,2011,309804
전북,익산시,2012,306469
전북,익산시,2013,306539
전북,익산시,2014,304117
전북,익산시,2015,302061
전북,익산시,2016,300479
전북,익산시,2017,300187
전북,익산시,2018,294062
전북,익산시,2019,287771
전북,익산시,2020,282276
전북,익산시,2021,278113
전북,익산시,2022,273697
전북,익산시,2023,270036
전북,익산시,2024,268001
전북,익산시,2025,267066
전북,임실군,2007,31952
전북,임실군,2008,31133
전북,임실군,2009,30703
전북,임실군,2010,30593
전북,임실군,2011,30789
전북,임실군,2012,29956
전북,임실군,2013,29739
전북,임실군,2014,29966
전북,임실군,2015,30271
전북,임실군,2016,30197
전북,임실군,2017,30162
전북,임실군,2018,30072
전북,임실군,2019,28902
전북,임실군,2020,27314
전북,임실군,2021,26730
전북,임실군,2022,26508
전북,임실군,2023,25956
전북,임실군,2024,25577
전북,임실군,2025,25259
전북,장수군,2007,26687
전북,장수군,2008,23864
전북,장수군,2009,23478
전북,장수군,2010,23386
전북,장수군,2011,23215
전북,장수군,2012,23191
전북,장수군,2013,23243
전북,장수군,2014,23335
전북,장수군,2015,23277
전북,장수군,2016,23628
전북,장수군,2017,23003
전북,장수군,2018,23221
전북,장수군,2019,22441
전북,장수군,2020,22085
전북,장수군,2021,21695
전북,장수군,2022,21336
전북,장수군,2023,20983
전북,장수군,2024,20663
전북,장수군,2025,20922
전북,전주시 덕진구,2007,274996
전북,전주시 덕진구,2008,279273
전북,전주시 덕진구,2009,282270
전북,전주시 덕진구,2010,283606
전북,전주시 덕진구,2011,283258
전북,전주시 덕진구,2012,284877
전북,전주시 덕진구,2013,286388
전북,전주시 덕진구,2014,288005
전북,전주시 덕진구,2015,286677
전북,전주시 덕진구,2016,289899
전북,전주시 덕진구,2017,289952
전북,전주시 덕진구,2018,306026
전북,전주시 덕진구,2019,315555
전북,전주시 덕진구,2020,317714
전북,전주시 덕진구,2021,321465
전북,전주시 덕진구,2022,318922
전북,전주시 덕진구,2023,315549
전북,전주시 덕진구,2024,313741
전북,전주시 덕진구,2025,309018
전북,전주시 완산구,2007,348930
전북,전주시 완산구,2008,352259
전북,전주시 완산구,2009,352737
전북,전주시 완산구,2010,357919
전북,전주시 완산구,2011,362636
전북,전주시 완산구,2012,363986
전북,전주시 완산구,2013,363694
전북,전주시 완산구,2014,364872
전북,전주시 완산구,2015,365605
전북,전주시 완산구,2016,361845
전북,전주시 완산구,2017,359012
전북,전주시 완산구,2018,345065
전북,전주시 완산구,2019,338839
전북,전주시 완산구,2020,339718
전북,전주시 완산구,2021,335804
전북,전주시 완산구,2022,332573
전북,전주시 완산구,2023,327178
전북,전주시 완산구,2024,321910
전북,전주시 완산구,2025,316419
전북,정읍시,2007,124239
전북,정읍시,2008,122842
전북,정읍시,2009,121545
전북,정읍시,2010,122000
전북,정읍시,2011,120466
전북,정읍시,2012,119392
전북,정읍시,2013,118328
전북,정읍시,2014,117183
전북,정읍시,2015,115977
전북,정읍시,2016,115173
전북,정읍시,2017,113776
전북,정읍시,2018,112169
전북,정읍시,2019,110541
전북,정읍시,2020,108508
전북,정읍시,2021,106487
전북,정읍시,2022,105081
전북,정읍시,2023,103620
전북,정읍시,2024,102127
전북,정읍시,2025,101123
전북,진안군,2007,30250
전북,진안군,2008,27230
전북,진안군,2009,27558
전북,진안군,2010,27543
전북,진안군,2011,28473
전북,진안군,2012,26963
전북,진안군,2013,26703
전북,진안군,2014,26474
전북,진안군,2015,26203
전북,진안군,2016,26069
전북,진안군,2017,26271
전북,진안군,2018,25963
전북,진안군,2019,25697
전북,진안군,2020,25394
전북,진안군,2021,24987
전북,진안군,2022,24550
전북,진안군,2023,24465
전북,진안군,2024,24161
전북,진안군,2025,24249
제주,서귀포시,2007,153800
제주,서귀포시,2008,153120
제주,서귀포시,2009,152285
제주,서귀포시,2010,153716
제주,서귀포시,2011,153366
제주,서귀포시,2012,154057
제주,서귀포시,2013,155641
제주,서귀포시,2014,158512
제주,서귀포시,2015,164519
제주,서귀포시,2016,170932
제주,서귀포시,2017,178383
제주,서귀포시,2018,181245
제주,서귀포시,2019,181584
제주,서귀포시,2020,182169
제주,서귀포시,2021,183663
제주,서귀포시,2022,184770
제주,서귀포시,2023,183598
제주,서귀포시,2024,182020
제주,서귀포시,2025,179610
제주,제주시,2007,405458
제주,제주시,2008,407498
제주,제주시,2009,410378
제주,제주시,2010,417539
제주,제주시,2011,422790
제주,제주시,2012,429656
제주,제주시,2013,438165
제주,제주시,2014,448834
제주,제주시,2015,459876
제주,제주시,2016,470665
제주,제주시,2017,478700
제주,제주시,2018,485946
제주,제주시,2019,489405
제주,제주시,2020,492466
제주,제주시,2021,493096
제주,제주시,2022,493389
제주,제주시,2023,491654
제주,제주시,2024,488348
제주,제주시,2025,485182
충남,계룡시,2007,37775
충남,계룡시,2008,41411
충남,계룡시,2009,42760
충남,계룡시,2010,43088
충남,계룡시,2011,42942
충남,계룡시,2012,41550
충남,계룡시,2013,40957
충남,계룡시,2014,40552
충남,계룡시,2015,41730
충남,계룡시,2016,42634
충남,계룡시,2017,43967
충남,계룡시,2018,43731
충남,계룡시,2019,42971
충남,계룡시,2020,42822
충남,계룡시,2021,43331
충남,계룡시,2022,44475
충남,계룡시,2023,46667
충남,계룡시,2024,46540
충남,계룡시,2025,45846
충남,금산군,2007,57690
충남,금산군,2008,56740
충남,금산군,2009,56220
충남,금산군,2010,56555
충남,금산군,2011,56030
충남,금산군,2012,55715
충남,금산군,2013,55441
충남,금산군,2014,55166
충남,금산군,2015,54879
충남,금산군,2016,54612
충남,금산군,2017,53894
충남,금산군,2018,53222
충남,금산군,2019,52257
충남,금산군,2020,51413
충남,금산군,2021,50477
충남,금산군,2022,50092
충남,금산군,2023,50093
충남,금산군,2024,49615
충남,금산군,2025,48898
충남,논산시,2007,129486
충남,논산시,2008,127797
충남,논산시,2009,127097
충남,논산시,2010,127507
충남,논산시,2011,127533
충남,논산시,2012,126653
충남,논산시,2013,125844
충남,논산시,2014,124784
충남,논산시,2015,124232
충남,논산시,2016,123213
충남,논산시,2017,122240
충남,논산시,2018,120230
충남,논산시,2019,118842
충남,논산시,2020,116675
충남,논산시,2021,114483
충남,논산시,2022,112617
충남,논산시,2023,110423
충남,논산시,2024,108529
충남,논산시,2025,106777
충남,당진시,2007,136254
충남,당진시,2008,136432
충남,당진시,2009,138798
충남,당진시,2010,144903
충남,당진시,2011,150219
충남,당진시,2012,155104
충남,당진시,2013,159615
충남,당진시,2014,162844
충남,당진시,2015,165122
충남,당진시,2016,166630
충남,당진시,2017,167439
충남,당진시,2018,167770
충남,당진시,2019,167042
충남,당진시,2020,166249
충남,당진시,2021,167092
충남,당진시,2022,168253
충남,당진시,2023,170302
충남,당진시,2024,171931
충남,당진시,2025,172564
충남,보령시,2007,107637
충남,보령시,2008,106885
충남,보령시,2009,106754
충남,보령시,2010,107346
충남,보령시,2011,106421
충남,보령시,2012,105559
충남,보령시,2013,104938
충남,보령시,2014,104321
충남,보령시,2015,104754
충남,보령시,2016,103873
충남,보령시,2017,103198
충남,보령시,2018,101990
충남,보령시,2019,101114
충남,보령시,2020,100229
충남,보령시,2021,98408
충남,보령시,2022,97157
충남,보령시,2023,95772
충남,보령시,2024,93780
충남,보령시,2025,92117
충남,부여군,2007,77916
충남,부여군,2008,76687
충남,부여군,2009,75564
충남,부여군,2010,75029
충남,부여군,2011,74004
충남,부여군,2012,73259
충남,부여군,2013,72547
충남,부여군,2014,71754
충남,부여군,2015,71143
충남,부여군,2016,70187
충남,부여군,2017,69086
충남,부여군,2018,68078
충남,부여군,2019,66740
충남,부여군,2020,65354
충남,부여군,2021,63774
충남,부여군,2022,62343
충남,부여군,2023,61046
충남,부여군,2024,59550
충남,부여군,2025,58377
충남,서산시,2007,153569
충남,서산시,2008,156867
충남,서산시,2009,158886
충남,서산시,2010,160468
충남,서산시,2011,161489
충남,서산시,2012,163315
충남,서산시,2013,165837
충남,서산시,2014,167611
충남,서산시,2015,170099
충남,서산시,2016,170788
충남,서산시,2017,171678
충남,서산시,2018,174162
충남,서산시,2019,174690
충남,서산시,2020,175591
충남,서산시,2021,176645
충남,서산시,2022,176413
충남,서산시,2023,176011
충남,서산시,2024,174445
충남,서산시,2025,172438
충남,서천군,2007,61168
충남,서천군,2008,60507
충남,서천군,2009,60066
충남,서천군,2010,60085
충남,서천군,2011,59541
충남,서천군,2012,58920
충남,서천군,2013,58441
충남,서천군,2014,57713
충남,서천군,2015,56910
충남,서천군,2016,56012
충남,서천군,2017,55175
충남,서천군,2018,53922
충남,서천군,2019,52805
충남,서천군,2020,51866
충남,서천군,2021,50745
충남,서천군,2022,49964
충남,서천군,2023,49116
충남,서천군,2024,48204
충남,서천군,2025,47225
충남,아산시,2007,221490
충남,아산시,2008,240942
충남,아산시,2009,256449
충남,아산시,2010,265191
충남,아산시,2011,274523
충남,아산시,2012,280490
충남,아산시,2013,287073
충남,아산시,2014,293954
충남,아산시,2015,297737
충남,아산시,2016,302929
충남,아산시,2017,311453
충남,아산시,2018,312822
충남,아산시,2019,314395
충남,아산시,2020,316129
충남,아산시,2021,324580
충남,아산시,2022,334539
충남,아산시,2023,345796
충남,아산시,2024,355014
충남,아산시,2025,359378
충남,예산군,2007,88670
충남,예산군,2008,88144
충남,예산군,2009,87163
충남,예산군,2010,87002
충남,예산군,2011,86421
충남,예산군,2012,85876
충남,예산군,2013,85205
충남,예산군,2014,84919
충남,예산군,2015,83484
충남,예산군,2016,81339
충남,예산군,2017,80338
충남,예산군,2018,80083
충남,예산군,2019,79238
충남,예산군,2020,78084
충남,예산군,2021,76801
충남,예산군,2022,77385
충남,예산군,2023,78354
충남,예산군,2024,78772
충남,예산군,2025,78815
충남,천안시,2007,531956
충남,천안시,2008,1075396
충남,천안시,2009,1081664
충남,천안시,2010,1115346
충남,천안시,2011,1142754
충남,천안시,2012,1163976
충남,천안시,2013,1182178
충남,천안시,2014,1196692
충남,천안시,2015,1211552
충남,천안시,2016,1235910
충남,천안시,2017,1263062
충남,천안시,2018,1292150
충남,천안시,2019,1304516
충남,천안시,2020,1317616
충남,천안시,2021,1316972
충남,천안시,2022,1315118
충남,천안시,2023,1311918
충남,천안시,2024,1319840
충남,천안시,2025,1328644
충남,청양군,2007,33604
충남,청양군,2008,33062
충남,청양군,2009,32613
충남,청양군,2010,32541
충남,청양군,2011,32291
충남,청양군,2012,32087
충남,청양군,2013,32155
충남,청양군,2014,32248
충남,청양군,2015,32485
충남,청양군,2016,32753
충남,청양군,2017,32837
충남,청양군,2018,32296
충남,청양군,2019,31717
충남,청양군,2020,30948
충남,청양군,2021,30440
충남,청양군,2022,30266
충남,청양군,2023,30168
충남,청양군,2024,29658
충남,청양군,2025,29986
충남,태안군,2007,63042
충남,태안군,2008,63401
충남,태안군,2009,63095
충남,태안군,2010,63247
충남,태안군,2011,62747
충남,태안군,2012,62548
충남,태안군,2013,62416
충남,태안군,2014,62574
충남,태안군,2015,63484
충남,태안군,2016,63900
충남,태안군,2017,63932
충남,태안군,2018,63238
충남,태안군,2019,62743
충남,태안군,2020,62214
충남,태안군,2021,61526
충남,태안군,2022,61335
충남,태안군,2023,60784
충남,태안군,2024,60133
충남,태안군,2025,59474
충남,홍성군,2007,88685
충남,홍성군,2008,88176
충남,홍성군,2009,87631
충남,홍성군,2010,88078
충남,홍성군,2011,88108
충남,홍성군,2012,88415
충남,홍성군,2013,89704
충남,홍성군,2014,91866
충남,홍성군,2015,94553
충남,홍성군,2016,99971
충남,홍성군,2017,101570
충남,홍성군,2018,101082
충남,홍성군,2019,100423
충남,홍성군,2020,100102
충남,홍성군,2021,99324
충남,홍성군,2022,98068
충남,홍성군,2023,97524
충남,홍성군,2024,99198
충남,홍성군,2025,100557
충북,괴산군,2007,36873
충북,괴산군,2008,36566
충북,괴산군,2009,36775
충북,괴산군,2010,36827
충북,괴산군,2011,37333
충북,괴산군,2012,37713
충북,괴산군,2013,38059
충북,괴산군,2014,38351
충북,괴산군,2015,38787
충북,괴산군,2016,38973
충북,괴산군,2017,39054
충북,괴산군,2018,39133
충북,괴산군,2019,39163
충북,괴산군,2020,39393
충북,괴산군,2021,38122
충북,괴산군,2022,37055
충북,괴산군,2023,36590
충북,괴산군,2024,36252
충북,괴산군,2025,38293
충북,단양군,2007,32399
충북,단양군,2008,31929
충북,단양군,2009,31842
충북,단양군,2010,31817
충북,단양군,2011,31595
충북,단양군,2012,31253
충북,단양군,2013,31171
충북,단양군,2014,30948
충북,단양군,2015,30761
충북,단양군,2016,30503
충북,단양군,2017,30215
충북,단양군,2018,30255
충북,단양군,2019,29756
충북,단양군,2020,29155
충북,단양군,2021,28331
충북,단양군,2022,27767
충북,단양군,2023,27701
충북,단양군,2024,27352
충북,단양군,2025,26812
충북,보은군,2007,35354
충북,보은군,2008,35069
충북,보은군,2009,34845
충북,보은군,2010,34956
충북,보은군,2011,34717
충북,보은군,2012,34438
충북,보은군,2013,34318
충북,보은군,2014,34240
충북,보은군,2015,34296
충북,보은군,2016,34221
충북,보은군,2017,34053
충북,보은군,2018,33680
충북,보은군,2019,32949
충북,보은군,2020,32412
충북,보은군,2021,31878
충북,보은군,2022,31455
충북,보은군,2023,31010
충북,보은군,2024,30527
충북,보은군,2025,30529
충북,영동군,2007,50131
충북,영동군,2008,50276
충북,영동군,2009,50426
충북,영동군,2010,50523
충북,영동군,2011,50621
충북,영동군,2012,50663
충북,영동군,2013,50539
충북,영동군,2014,50803
충북,영동군,2015,50693
충북,영동군,2016,50552
충북,영동군,2017,50240
충북,영동군,2018,49715
충북,영동군,2019,48738
충북,영동군,2020,47475
충북,영동군,2021,45773
충북,영동군,2022,44956
충북,영동군,2023,44195
충북,영동군,2024,43551
충북,영동군,2025,43032
충북,옥천군,2007,54608
충북,옥천군,2008,54475
충북,옥천군,2009,54117
충북,옥천군,2010,54025
충북,옥천군,2011,53496
충북,옥천군,2012,53244
충북,옥천군,2013,52763
충북,옥천군,2014,52469
충북,옥천군,2015,52404
충북,옥천군,2016,52267
충북,옥천군,2017,51766
충북,옥천군,2018,51465
충북,옥천군,2019,51023
충북,옥천군,2020,50527
충북,옥천군,2021,50093
충북,옥천군,2022,49520
충북,옥천군,2023,48891
충북,옥천군,2024,48204
충북,옥천군,2025,49601
충북,음성군,2007,88355
충북,음성군,2008,89542
충북,음성군,2009,89716
충북,음성군,2010,91093
충북,음성군,2011,91644
충북,음성군,2012,92980
충북,음성군,2013,93505
충북,음성군,2014,95324
충북,음성군,2015,96396
충북,음성군,2016,97787
충북,음성군,2017,97306
충북,음성군,2018,95830
충북,음성군,2019,94982
충북,음성군,2020,93153
충북,음성군,2021,92197
충북,음성군,2022,92058
충북,음성군,2023,91183
충북,음성군,2024,91236
충북,음성군,2025,94280
충북,제천시,2007,136218
충북,제천시,2008,135738
충북,제천시,2009,135580
충북,제천시,2010,137264
충북,제천시,2011,137689
충북,제천시,2012,137521
충북,제천시,2013,137204
충북,제천시,2014,136805
충북,제천시,2015,136138
충북,제천시,2016,136517
충북,제천시,2017,136432
충북,제천시,2018,135386
충북,제천시,2019,134617
충북,제천시,2020,133018
충북,제천시,2021,131591
충북,제천시,2022,130988
충북,제천시,2023,130194
충북,제천시,2024,128569
충북,제천시,2025,128003
충북,증평군,2007,31145
충북,증평군,2008,32179
충북,증평군,2009,33164
충북,증평군,2010,33533
충북,증평군,2011,34009
충북,증평군,2012,34279
충북,증평군,2013,34546
충북,증평군,2014,34771
충북,증평군,2015,36671
충북,증평군,2016,37308
충북,증평군,2017,37783
충북,증평군,2018,37317
충북,증평군,2019,37392
충북,증평군,2020,36807
충북,증평군,2021,36426
충북,증평군,2022,37262
충북,증평군,2023,37484
충북,증평군,2024,37171
충북,증평군,2025,36680
충북,진천군,2007,60154
충북,진천군,2008,60715
충북,진천군,2009,61456
충북,진천군,2010,62094
충북,진천군,2011,63051
충북,진천군,2012,63458
충북,진천군,2013,64606
충북,진천군,2014,65174
충북,진천군,2015,67981
충북,진천군,2016,69950
충북,진천군,2017,73677
충북,진천군,2018,78218
충북,진천군,2019,81084
충북,진천군,2020,83718
충북,진천군,2021,85176
충북,진천군,2022,86147
충북,진천군,2023,86254
충북,진천군,2024,86537
충북,진천군,2025,86580
충북,충주시,2007,205064
충북,충주시,2008,206372
충북,충주시,2009,206613
충북,충주시,2010,208481
충북,충주시,2011,208433
충북,충주시,2012,208447
충북,충주시,2013,208115
충북,충주시,2014,208527
충북,충주시,2015,207913
충북,충주시,2016,208350
충북,충주시,2017,208316
충북,충주시,2018,210504
충북,충주시,2019,210737
충북,충주시,2020,210186
충북,충주시,2021,209358
충북,충주시,2022,208277
충북,충주시,2023,207778
충북,충주시,2024,207241
충북,충주시,2025,206540
