year,station_name,terminal_station,ktx_travel_time_min,ktx_travel_time_median,ktx_travel_time_mean,interval_minutes,n_trains
2007,계룡역,용산역,71,74.0,74.25,260.0,4
2007,광명역,서울역,15,17.0,16.923076923076923,37.55263157894737,39
2007,광명역,용산역,13,14.0,15.357142857142858,103.61538461538461,14
2007,광주송정역,용산역,148,170.0,170.42105263157896,54.166666666666664,19
2007,구포역,서울역,156,165.5,165.46153846153845,41.4,26
2007,김제역,용산역,123,126.0,127.83333333333333,175.2,6
2007,나주역,용산역,169,177.5,177.25,250.0,4
2007,논산역,용산역,88,91.0,92.5,175.2,6
2007,대전역,서울역,51,59.0,58.60294117647059,15.64179104477612,68
2007,동대구역,서울역,99,109.0,109.03030303030303,15.923076923076923,66
2007,목포역,용산역,181,202.0,198.0,121.42857142857143,8
2007,밀양역,서울역,135,142.5,142.3181818181818,45.95238095238095,22
2007,부산역,서울역,160,175.0,174.625,18.818181818181817,56
2007,서대전역,용산역,51,59.0,58.94736842105263,54.888888888888886,19
2007,익산역,용산역,101,113.0,111.47368421052632,54.77777777777778,19
2007,장성역,용산역,152,156.0,157.88888888888889,109.375,9
2007,정읍역,용산역,131,138.0,138.15384615384616,72.91666666666667,13
2007,천안아산역,서울역,36,40.0,39.38709677419355,33.36666666666667,31
2007,천안아산역,용산역,35,37.0,38.0,140.85714285714286,8
2008,계룡역,용산역,71,74.0,73.2,197.5,5
2008,광명역,서울역,15,15.0,15.145833333333334,30.085106382978722,48
2008,광명역,용산역,13,13.0,14.0,67.92857142857143,15
2008,광주송정역,용산역,151,162.5,162.1,101.88888888888889,10
2008,광주역,용산역,169,172.0,173.66666666666666,118.125,9
2008,구포역,서울역,150,161.0,160.2258064516129,35.2,31
2008,김제역,용산역,118,123.5,123.66666666666667,172.6,6
2008,나주역,용산역,164,174.5,174.5,256.6666666666667,4
2008,논산역,용산역,84,89.0,89.66666666666667,172.6,6
2008,대전역,서울역,48,58.0,56.013333333333335,14.31081081081081,75
2008,동대구역,서울역,95,106.0,104.4931506849315,14.666666666666666,73
2008,목포역,용산역,184,196.5,196.4,102.22222222222223,10
2008,밀양역,서울역,119,136.0,134.72,39.916666666666664,25
2008,부산역,서울역,160,172.0,171.79591836734693,21.979166666666668,49
2008,서대전역,용산역,51,56.0,56.473684210526315,55.22222222222222,19
2008,익산역,용산역,102,109.0,109.10526315789474,55.22222222222222,19
2008,장성역,용산역,144,149.0,149.875,113.71428571428571,8
2008,정읍역,용산역,125,133.5,133.71428571428572,72.6923076923077,14
2008,천안아산역,서울역,35,37.0,37.2,26.256410256410255,40
2008,천안아산역,용산역,32,35.0,35.25,135.85714285714286,8
2009,계룡역,용산역,71,74.0,73.2,197.5,5
2009,광명역,서울역,15,15.0,15.145833333333334,30.085106382978722,48
2009,광명역,용산역,13,13.0,14.0,67.92857142857143,15
2009,광주송정역,용산역,151,162.5,162.1,101.88888888888889,10
2009,광주역,용산역,169,172.0,173.66666666666666,118.125,9
2009,구포역,서울역,150,161.0,160.2258064516129,35.2,31
2009,김제역,용산역,118,123.5,123.66666666666667,172.6,6
2009,나주역,용산역,164,174.5,174.5,256.6666666666667,4
2009,논산역,용산역,84,89.0,89.66666666666667,172.6,6
2009,대전역,서울역,48,58.0,56.013333333333335,14.31081081081081,75
2009,동대구역,서울역,95,106.0,104.4931506849315,14.666666666666666,73
2009,목포역,용산역,184,196.5,196.4,102.22222222222223,10
2009,밀양역,서울역,119,136.0,134.72,39.916666666666664,25
2009,부산역,서울역,160,172.0,171.79591836734693,21.979166666666668,49
2009,서대전역,용산역,51,56.0,56.473684210526315,55.22222222222222,19
2009,익산역,용산역,102,109.0,109.10526315789474,55.22222222222222,19
2009,장성역,용산역,144,149.0,149.875,113.71428571428571,8
2009,정읍역,용산역,125,133.5,133.71428571428572,72.6923076923077,14
2009,천안아산역,서울역,35,37.0,37.2,26.256410256410255,40
2009,천안아산역,용산역,32,35.0,35.25,135.85714285714286,8
2010,계룡역,용산역,72,76.0,77.5,156.2,6
2010,광명역,서울역,9,15.0,14.717391304347826,30.622222222222224,46
2010,광명역,용산역,13,13.0,15.25,90.0,16
2010,광주송정역,용산역,154,161.0,162.76923076923077,79.75,13
2010,광주역,용산역,168,178.0,176.88888888888889,118.75,9
2010,김제역,용산역,120,126.5,126.33333333333333,178.6,6
2010,김천(구미)역,서울역,80,86.0,86.45454545454545,49.80952380952381,22
2010,나주역,용산역,169,173.0,176.8,202.5,5
2010,논산역,용산역,80,88.0,88.57142857142857,149.0,7
2010,대전역,서울역,49,56.0,57.87837837837838,19.273972602739725,74
2010,동대구역,서울역,98,108.0,107.875,15.056338028169014,72
2010,목포역,용산역,189,196.0,198.30769230769232,80.0,13
2010,부산역,서울역,138,155.0,159.56666666666666,18.305084745762713,60
2010,서대전역,용산역,50,58.5,59.09090909090909,67.23809523809524,22
2010,신경주역,서울역,117,127.0,131.45714285714286,29.0,35
2010,오송역,서울역,40,45.0,44.8421052631579,53.94444444444444,19
2010,오송역,용산역,43,46.0,47.5,170.33333333333334,4
2010,울산역,서울역,124,138.0,146.44444444444446,29.97142857142857,36
2010,익산역,용산역,103,111.0,111.22727272727273,48.095238095238095,22
2010,장성역,용산역,146,156.0,155.33333333333334,101.25,9
2010,정읍역,용산역,127,135.0,135.4,67.85714285714286,15
2010,천안아산역,서울역,30,35.0,35.48571428571429,41.38235294117647,35
2010,천안아산역,용산역,32,35.0,35.2,100.92857142857143,15
2011,계룡역,용산역,74,79.0,78.85714285714286,130.33333333333334,7
2011,곡성역,용산역,169,170.5,170.5,333.0,2
2011,광명역,서울역,9,15.0,15.425531914893616,31.195652173913043,47
2011,광명역,용산역,13,13.0,14.526315789473685,78.83333333333333,19
2011,광주송정역,용산역,155,171.0,169.54545454545453,96.8,11
2011,광주역,용산역,174,179.0,180.22222222222223,120.0,9
2011,구례구역,용산역,178,181.5,181.5,819.0,2
2011,김제역,용산역,121,127.0,128.85714285714286,148.83333333333334,7
2011,김천(구미)역,서울역,84,91.0,91.0952380952381,52.4,21
2011,나주역,용산역,178,184.5,184.5,270.0,4
2011,남원역,용산역,153,158.0,158.33333333333334,410.0,3
2011,논산역,용산역,84,93.0,92.33333333333333,116.375,9
2011,대전역,서울역,53,61.0,63.71232876712329,19.541666666666668,73
2011,동대구역,서울역,103,114.0,115.19718309859155,15.314285714285715,71
2011,마산역,서울역,176,179.0,179.58333333333334,87.27272727272727,12
2011,목포역,용산역,190,205.0,205.1818181818182,97.0,11
2011,밀양역,서울역,142,143.5,144.5,136.85714285714286,8
2011,부산역,서울역,133,163.0,168.18333333333334,18.389830508474578,60
2011,서대전역,용산역,54,62.0,61.88,57.375,25
2011,순천역,용산역,187,196.0,195.0,204.75,5
2011,신경주역,서울역,122,137.0,140.85714285714286,29.41176470588235,35
2011,여수엑스포역,용산역,212,219.0,218.8,205.0,5
2011,여천역,용산역,203,210.0,209.66666666666666,410.0,3
2011,오송역,서울역,42,47.0,47.470588235294116,61.4375,17
2011,오송역,용산역,46,48.5,48.5,426.0,2
2011,울산역,서울역,134,144.5,153.94736842105263,29.0,38
2011,익산역,용산역,105,114.0,114.88,43.0,25
2011,장성역,용산역,151,157.0,158.33333333333334,73.63636363636364,12
2011,전주역,용산역,125,131.0,131.4,205.75,5
2011,정읍역,용산역,134,140.5,140.57142857142858,73.84615384615384,14
2011,진영역,서울역,159,161.5,161.5,290.0,4
2011,창원역,서울역,171,174.5,175.0,174.0,6
2011,창원중앙역,서울역,165,168.0,168.57142857142858,125.0,7
2011,천안아산역,서울역,29,39.0,38.25,39.91428571428571,36
2011,천안아산역,용산역,34,38.5,38.357142857142854,74.53846153846153,14
2012,계룡역,용산역,73,80.0,80.7,87.22222222222223,10
2012,곡성역,용산역,176,177.0,177.0,325.0,2
2012,광명역,서울역,9,15.0,15.5,28.137254901960784,52
2012,광명역,용산역,13,13.0,15.25,58.78260869565217,24
2012,광주송정역,용산역,153,168.5,170.33333333333334,88.0,12
2012,광주역,용산역,167,183.5,183.3,106.66666666666667,10
2012,구례구역,용산역,174,181.5,181.5,820.0,2
2012,김제역,용산역,125,129.0,130.28571428571428,148.16666666666666,7
2012,김천(구미)역,서울역,85,90.0,91.72727272727273,49.904761904761905,22
2012,나주역,용산역,178,182.5,183.0,268.6666666666667,4
2012,남원역,용산역,156,166.0,163.6,205.0,5
2012,논산역,용산역,86,95.0,95.0,178.0,6
2012,대전역,서울역,53,61.0,63.848837209302324,16.55294117647059,86
2012,동대구역,서울역,103,114.0,115.10975609756098,13.246913580246913,82
2012,마산역,서울역,171,179.0,179.83333333333334,87.27272727272727,12
2012,목포역,용산역,187,205.0,205.33333333333334,88.18181818181819,12
2012,밀양역,서울역,143,146.0,147.0,136.85714285714286,8
2012,부산역,서울역,133,163.0,167.18840579710144,15.955882352941176,69
2012,서대전역,용산역,54,63.5,63.392857142857146,51.148148148148145,28
2012,순천역,용산역,187,195.0,195.16666666666666,188.0,6
2012,신경주역,서울역,128,135.0,140.59459459459458,27.75,37
2012,여수엑스포역,용산역,208,215.0,215.5,188.0,6
2012,여천역,용산역,201,204.0,206.75,313.3333333333333,4
2012,오송역,서울역,42,48.0,47.92307692307692,39.16,26
2012,오송역,용산역,46,46.0,46.833333333333336,94.2,6
2012,울산역,서울역,129,143.0,151.90697674418604,25.547619047619047,43
2012,익산역,용산역,104,116.0,116.0,38.333333333333336,28
2012,장성역,용산역,154,162.5,161.58333333333334,73.27272727272727,12
2012,전주역,용산역,130,138.5,137.5,187.0,6
2012,정읍역,용산역,133,144.0,143.35714285714286,73.84615384615384,14
2012,진영역,서울역,160,166.5,165.75,290.0,4
2012,진주역,서울역,198,212.0,210.83333333333334,152.2,6
2012,창원역,서울역,171,177.5,178.33333333333334,174.0,6
2012,창원중앙역,서울역,161,167.0,166.57142857142858,118.33333333333333,7
2012,천안아산역,서울역,29,37.5,38.575,35.69230769230769,40
2012,천안아산역,용산역,38,39.0,41.0,81.25,13
2012,함안역,서울역,193,197.0,197.0,297.0,2
2013,계룡역,용산역,70,78.0,77.9,87.22222222222223,10
2013,곡성역,용산역,173,174.0,174.0,330.0,2
2013,광명역,서울역,9,15.0,15.87037037037037,27.07547169811321,54
2013,광명역,용산역,13,13.0,14.961538461538462,54.12,26
2013,광주송정역,서울역,194,194.0,194.0,,1
2013,광주송정역,용산역,150,166.0,168.16666666666666,88.45454545454545,12
2013,광주역,용산역,163,182.0,181.0,97.5,11
2013,구례구역,용산역,173,180.0,180.0,830.0,2
2013,김제역,서울역,150,150.0,150.0,,1
2013,김제역,용산역,122,128.0,129.28571428571428,149.0,7
2013,김천(구미)역,서울역,85,91.0,91.9,55.21052631578947,20
2013,나주역,서울역,204,204.0,204.0,,1
2013,나주역,용산역,175,180.5,183.0,267.0,4
2013,남원역,용산역,149,159.0,159.33333333333334,166.0,6
2013,논산역,용산역,83,90.0,90.83333333333333,179.0,6
2013,대전역,서울역,50,58.0,61.372093023255815,16.529411764705884,86
2013,동대구역,서울역,103,114.0,115.49397590361446,13.109756097560975,83
2013,마산역,서울역,172,179.0,179.91666666666666,87.27272727272727,12
2013,목포역,서울역,231,231.0,231.0,,1
2013,목포역,용산역,184,202.0,203.08333333333334,88.63636363636364,12
2013,밀양역,서울역,143,146.0,147.0,136.85714285714286,8
2013,부산역,서울역,137,163.0,168.0,15.5,71
2013,서대전역,서울역,77,77.0,77.0,,1
2013,서대전역,용산역,51,61.0,60.666666666666664,47.62068965517241,30
2013,순천역,용산역,179,189.0,191.0,159.16666666666666,7
2013,신경주역,서울역,128,136.0,140.83783783783784,27.75,37
2013,여수엑스포역,용산역,201,210.0,211.57142857142858,159.16666666666666,7
2013,여천역,용산역,193,202.0,202.6,238.75,5
2013,오송역,서울역,39,45.0,45.67857142857143,38.592592592592595,28
2013,오송역,용산역,42,43.0,44.142857142857146,78.83333333333333,7
2013,용산역,서울역,8,8.0,8.0,,1
2013,울산역,서울역,129,145.0,151.75555555555556,23.863636363636363,45
2013,익산역,서울역,130,130.0,130.0,,1
2013,익산역,용산역,101,113.0,113.23333333333333,36.206896551724135,30
2013,장성역,서울역,181,181.0,181.0,,1
2013,장성역,용산역,150,159.0,159.41666666666666,72.81818181818181,12
2013,전주역,용산역,122,135.0,133.42857142857142,158.33333333333334,7
2013,정읍역,용산역,130,141.0,140.66666666666666,69.64285714285714,15
2013,진영역,서울역,160,166.5,165.75,290.0,4
2013,진주역,서울역,199,212.0,210.66666666666666,152.6,6
2013,창원역,서울역,171,177.5,178.33333333333334,174.0,6
2013,창원중앙역,서울역,162,167.0,166.71428571428572,118.33333333333333,7
2013,천안아산역,서울역,28,38.0,36.41463414634146,34.625,41
2013,천안아산역,용산역,36,36.0,38.142857142857146,76.15384615384616,14
2013,함안역,서울역,193,197.0,197.0,297.0,2
2014,계룡역,용산역,70,81.0,80.5,87.22222222222223,10
2014,곡성역,용산역,179,182.0,182.0,559.0,2
2014,광명역,서울역,9,15.0,17.196428571428573,26.09090909090909,56
2014,광명역,용산역,13,13.0,16.107142857142858,51.148148148148145,28
2014,광주송정역,용산역,150,166.0,168.58333333333334,88.45454545454545,12
2014,광주역,용산역,176,182.0,183.9,108.33333333333333,10
2014,구례구역,용산역,173,178.0,178.0,888.0,2
2014,김제역,용산역,122,128.0,128.42857142857142,149.0,7
2014,김천(구미)역,서울역,85,91.0,92.7,55.21052631578947,20
2014,나주역,용산역,175,180.5,182.16666666666666,161.2,6
2014,남원역,용산역,149,162.5,161.5,127.0,8
2014,논산역,용산역,83,90.0,90.83333333333333,179.0,6
2014,대전역,서울역,50,61.0,63.1764705882353,16.726190476190474,85
2014,동대구역,서울역,103,115.0,117.25925925925925,13.4375,81
2014,마산역,서울역,174,182.5,183.5,87.27272727272727,12
2014,목포역,용산역,184,202.0,204.0,88.63636363636364,12
2014,밀양역,서울역,142,147.0,148.375,136.85714285714286,8
2014,부산역,서울역,137,167.0,170.4,15.72463768115942,70
2014,서대전역,용산역,51,61.0,62.16129032258065,46.03333333333333,31
2014,순천역,용산역,179,191.0,192.88888888888889,119.375,9
2014,신경주역,서울역,128,141.5,142.11904761904762,24.365853658536587,42
2014,여수엑스포역,용산역,201,212.0,214.22222222222223,119.375,9
2014,여천역,용산역,193,204.0,206.875,136.42857142857142,8
2014,오송역,서울역,40,48.0,48.2,36.724137931034484,30
2014,오송역,용산역,42,48.0,47.857142857142854,78.83333333333333,7
2014,울산역,서울역,129,152.0,154.95744680851064,23.32608695652174,47
2014,익산역,용산역,101,113.0,114.7741935483871,35.0,31
2014,장성역,용산역,152,159.5,160.0,73.27272727272727,12
2014,전주역,용산역,122,135.0,135.22222222222223,118.75,9
2014,정읍역,용산역,130,142.0,142.13333333333333,69.64285714285714,15
2014,진영역,서울역,161,167.0,169.0,290.0,4
2014,진주역,서울역,201,212.5,214.16666666666666,152.6,6
2014,창원역,서울역,170,179.0,180.66666666666666,174.0,6
2014,창원중앙역,서울역,163,167.0,169.28571428571428,118.5,7
2014,천안아산역,서울역,28,38.0,38.0,34.09756097560975,42
2014,천안아산역,용산역,36,36.0,39.1875,66.0,16
2014,함안역,서울역,202,208.0,208.0,521.0,2
2015,곡성역,용산역,121,139.5,137.75,205.33333333333334,4
2015,공주역,용산역,60,70.0,76.1923076923077,35.12,26
2015,광명역,서울역,10,17.0,18.859375,22.682539682539684,64
2015,광명역,용산역,13,14.0,15.942857142857143,41.0,35
2015,광주송정역,용산역,93,114.0,112.875,45.130434782608695,24
2015,구례구역,용산역,136,152.0,148.5,258.3333333333333,4
2015,김천(구미)역,서울역,83,88.0,93.11111111111111,38.07692307692308,27
2015,나주역,용산역,108,130.0,127.3076923076923,83.75,13
2015,남원역,용산역,111,125.0,125.0,107.0,10
2015,대전역,서울역,52,63.0,65.1978021978022,15.655555555555555,91
2015,동대구역,서울역,98,110.0,112.88505747126437,12.569767441860465,87
2015,마산역,서울역,169,180.5,182.66666666666666,87.54545454545455,12
2015,목포역,용산역,135,155.5,153.8125,67.0,16
2015,밀양역,서울역,141,145.0,148.55555555555554,119.75,9
2015,부산역,서울역,148,162.0,167.86153846153846,17.03125,65
2015,순천역,용산역,145,157.0,158.0,107.33333333333333,10
2015,신경주역,서울역,122,136.0,137.35897435897436,27.210526315789473,39
2015,여수엑스포역,용산역,167,179.0,179.5,107.22222222222223,10
2015,여천역,용산역,159,166.0,170.44444444444446,120.75,9
2015,오송역,서울역,42,50.5,50.3125,34.354838709677416,32
2015,오송역,용산역,41,50.0,49.935483870967744,34.63333333333333,31
2015,울산역,서울역,126,143.5,150.04545454545453,24.697674418604652,44
2015,익산역,용산역,64,83.0,87.09302325581395,24.714285714285715,43
2015,전주역,용산역,84,98.0,98.0,107.11111111111111,10
2015,정읍역,용산역,88,99.0,98.47368421052632,57.666666666666664,19
2015,진영역,서울역,158,164.5,167.5,291.0,4
2015,진주역,서울역,195,204.0,207.5,165.0,6
2015,창원역,서울역,170,178.0,179.83333333333334,175.4,6
2015,창원중앙역,서울역,158,167.0,168.125,137.28571428571428,8
2015,천안아산역,서울역,28,40.0,40.022222222222226,32.09090909090909,45
2015,천안아산역,용산역,34,37.0,38.73913043478261,62.13636363636363,23
2015,포항역,서울역,136,151.0,152.1,109.44444444444444,10
2016,경산역,서울역,127,127.0,127.0,,1
2016,경산역,용산역,124,124.0,124.0,,1
2016,계룡역,서울역,87,87.0,87.0,,1
2016,계룡역,용산역,77,81.5,80.625,103.42857142857143,8
2016,곡성역,서울역,150,153.5,153.5,642.0,2
2016,곡성역,용산역,132,137.0,138.4,160.5,5
2016,공주역,서울역,70,76.0,76.71428571428571,145.0,7
2016,공주역,용산역,59,67.0,65.66666666666667,63.142857142857146,15
2016,광명역,서울역,14,15.5,18.387096774193548,23.016393442622952,62
2016,광명역,용산역,13,14.0,15.439024390243903,34.55,41
2016,광주송정역,서울역,103,120.0,126.0,145.83333333333334,7
2016,광주송정역,용산역,98,115.0,117.82608695652173,46.77272727272727,23
2016,구례구역,서울역,154,161.0,159.0,389.5,3
2016,구례구역,용산역,140,150.5,154.83333333333334,185.8,6
2016,구포역,서울역,163,170.5,170.75,138.28571428571428,8
2016,구포역,용산역,178,178.0,178.0,,1
2016,김천(구미)역,서울역,83,90.0,90.92,42.666666666666664,25
2016,김천(구미)역,용산역,84,88.5,87.75,273.3333333333333,4
2016,나주역,서울역,132,145.5,148.75,291.6666666666667,4
2016,나주역,용산역,110,131.5,134.5,76.46153846153847,14
2016,남원역,서울역,133,141.5,140.75,261.0,4
2016,남원역,용산역,117,128.0,131.15384615384616,83.91666666666667,13
2016,논산역,서울역,105,105.0,105.0,,1
2016,논산역,용산역,95,99.0,98.375,103.42857142857143,8
2016,대전역,서울역,53,66.0,67.41772151898734,18.128205128205128,79
2016,대전역,용산역,54,63.0,61.916666666666664,82.27272727272727,12
2016,동대구역,서울역,95,110.0,111.20779220779221,14.197368421052632,77
2016,동대구역,용산역,96,105.5,105.91666666666667,82.27272727272727,12
2016,마산역,서울역,168,182.0,181.45454545454547,90.3,11
2016,마산역,용산역,173,182.0,179.33333333333334,445.0,3
2016,목포역,서울역,139,173.0,169.2,218.75,5
2016,목포역,용산역,134,157.0,159.27777777777777,58.529411764705884,18
2016,밀양역,서울역,133,145.5,144.875,68.46666666666667,16
2016,밀양역,용산역,139,143.0,144.0,295.6666666666667,4
2016,부산역,서울역,135,162.0,164.63636363636363,20.27777777777778,55
2016,부산역,용산역,146,156.5,160.83333333333334,174.0,6
2016,서대전역,서울역,72,74.5,74.5,644.0,2
2016,서대전역,용산역,62,67.0,66.5,88.0,10
2016,수원역,서울역,27,30.0,30.25,229.33333333333334,4
2016,순천역,서울역,168,176.5,175.25,259.6666666666667,4
2016,순천역,용산역,147,163.0,164.3846153846154,84.16666666666667,13
2016,신경주역,서울역,123,132.0,131.73333333333332,68.85714285714286,15
2016,신경주역,용산역,124,124.0,124.0,,1
2016,여수엑스포역,서울역,188,198.0,196.5,260.0,4
2016,여수엑스포역,용산역,169,183.0,185.6153846153846,84.16666666666667,13
2016,여천역,서울역,190,192.0,192.0,390.0,3
2016,여천역,용산역,161,176.0,175.8,112.33333333333333,10
2016,영등포역,서울역,9,9.0,9.0,691.0,2
2016,오송역,서울역,45,53.0,52.95918367346939,29.6875,49
2016,오송역,용산역,44,51.0,51.064516129032256,34.733333333333334,31
2016,용산역,서울역,5,5.0,6.916666666666667,79.36363636363636,12
2016,울산역,서울역,130,140.0,142.48275862068965,38.535714285714285,29
2016,울산역,용산역,123,132.0,130.66666666666666,325.0,3
2016,익산역,서울역,74,94.0,94.36363636363636,86.9,11
2016,익산역,용산역,69,83.0,88.6829268292683,26.025,41
2016,전주역,서울역,106,115.0,114.0,261.3333333333333,4
2016,전주역,용산역,90,101.0,104.23076923076923,84.0,13
2016,정읍역,서울역,102,115.0,111.0,437.5,3
2016,정읍역,용산역,90,99.0,102.42857142857143,73.92307692307692,14
2016,진영역,서울역,157,165.0,165.25,202.66666666666666,4
2016,진영역,용산역,158,159.5,159.5,888.0,2
2016,진주역,서울역,193,207.0,206.0,166.0,6
2016,창원역,서울역,169,181.0,179.4,226.0,5
2016,창원역,용산역,177,177.0,177.0,891.0,2
2016,창원중앙역,서울역,157,170.0,168.25,98.57142857142857,8
2016,창원중앙역,용산역,162,165.5,165.5,448.0,2
2016,천안아산역,서울역,35,39.5,40.54761904761905,33.90243902439025,42
2016,천안아산역,용산역,34,38.0,38.88461538461539,36.16,26
2016,포항역,서울역,146,150.0,151.8,95.0,10
2016,포항역,용산역,141,142.0,143.0,365.0,3
2017,경산역,서울역,127,127.0,127.0,,1
2017,경산역,용산역,124,124.0,124.0,,1
2017,계룡역,서울역,87,87.0,87.0,,1
2017,계룡역,용산역,77,82.0,81.11111111111111,105.0,9
2017,곡성역,서울역,150,153.5,153.5,642.0,2
2017,곡성역,용산역,132,139.0,144.66666666666666,137.6,6
2017,공주역,서울역,70,77.0,77.0,145.0,7
2017,공주역,용산역,59,67.0,65.66666666666667,63.142857142857146,15
2017,광명역,서울역,14,16.0,18.359375,22.285714285714285,64
2017,광명역,용산역,13,14.0,15.454545454545455,32.13953488372093,44
2017,광주송정역,서울역,103,122.0,126.85714285714286,145.83333333333334,7
2017,광주송정역,용산역,98,117.0,118.3913043478261,46.77272727272727,23
2017,구례구역,서울역,154,161.0,159.33333333333334,389.5,3
2017,구례구역,용산역,140,150.5,154.83333333333334,185.8,6
2017,구포역,서울역,162,170.5,170.625,138.28571428571428,8
2017,구포역,용산역,178,178.0,178.0,,1
2017,김천(구미)역,서울역,83,90.0,91.46153846153847,40.96,26
2017,김천(구미)역,용산역,84,88.5,87.75,273.3333333333333,4
2017,나주역,서울역,132,146.0,149.0,291.6666666666667,4
2017,나주역,용산역,110,129.5,131.21428571428572,76.46153846153847,14
2017,남원역,서울역,133,142.0,141.0,261.0,4
2017,남원역,용산역,118,129.0,133.71428571428572,77.3076923076923,14
2017,논산역,서울역,105,105.0,105.0,,1
2017,논산역,용산역,95,99.0,98.88888888888889,105.0,9
2017,대전역,서울역,53,66.0,67.57317073170732,17.45679012345679,82
2017,대전역,용산역,58,63.0,62.23076923076923,75.41666666666667,13
2017,동대구역,서울역,95,110.0,111.375,13.658227848101266,80
2017,동대구역,용산역,100,106.0,106.07692307692308,75.41666666666667,13
2017,마산역,서울역,168,182.0,181.45454545454547,90.3,11
2017,마산역,용산역,173,182.0,179.33333333333334,445.0,3
2017,목포역,서울역,139,173.0,169.4,218.75,5
2017,목포역,용산역,134,157.5,159.72222222222223,58.529411764705884,18
2017,밀양역,서울역,133,145.5,144.875,68.46666666666667,16
2017,밀양역,용산역,139,143.0,144.0,295.6666666666667,4
2017,부산역,서울역,135,162.0,164.91228070175438,19.553571428571427,57
2017,부산역,용산역,150,160.0,162.71428571428572,145.16666666666666,7
2017,서대전역,서울역,72,74.5,74.5,644.0,2
2017,서대전역,용산역,62,67.0,66.81818181818181,84.0,11
2017,수원역,서울역,27,30.0,30.25,229.33333333333334,4
2017,순천역,서울역,168,177.0,175.5,259.6666666666667,4
2017,순천역,용산역,148,163.5,166.92857142857142,77.53846153846153,14
2017,신경주역,서울역,116,130.0,130.66666666666666,62.0,18
2017,신경주역,용산역,124,125.5,125.5,86.0,2
2017,여수엑스포역,서울역,188,198.5,196.75,260.0,4
2017,여수엑스포역,용산역,168,184.0,188.14285714285714,77.6923076923077,14
2017,여천역,서울역,190,193.0,192.33333333333334,390.0,3
2017,여천역,용산역,169,179.5,181.1,103.33333333333333,10
2017,영등포역,서울역,9,9.0,9.0,691.0,2
2017,오송역,서울역,45,53.0,53.0,27.403846153846153,53
2017,오송역,용산역,44,51.0,51.25,33.54838709677419,32
2017,용산역,서울역,5,5.0,7.083333333333333,79.36363636363636,12
2017,울산역,서울역,129,139.5,142.63333333333333,37.37931034482759,30
2017,울산역,용산역,127,136.5,134.33333333333334,154.0,6
2017,익산역,서울역,74,95.0,94.54545454545455,86.9,11
2017,익산역,용산역,69,83.5,89.73809523809524,25.341463414634145,42
2017,전주역,서울역,106,115.5,114.25,261.3333333333333,4
2017,전주역,용산역,91,103.0,109.13333333333334,71.85714285714286,15
2017,정읍역,서울역,102,109.5,109.5,291.6666666666667,4
2017,정읍역,용산역,95,100.0,103.4,68.64285714285714,15
2017,진영역,서울역,157,165.0,165.25,202.66666666666666,4
2017,진영역,용산역,158,159.5,159.5,888.0,2
2017,진주역,서울역,193,209.0,206.42857142857142,138.33333333333334,7
2017,창원역,서울역,169,181.0,179.4,226.0,5
2017,창원역,용산역,177,177.0,177.0,891.0,2
2017,창원중앙역,서울역,157,170.0,168.25,98.57142857142857,8
2017,창원중앙역,용산역,162,165.5,165.5,448.0,2
2017,천안아산역,서울역,35,39.0,40.577777777777776,31.59090909090909,45
2017,천안아산역,용산역,34,38.0,39.0,35.925925925925924,28
2017,포항역,서울역,146,150.0,151.63636363636363,85.5,11
2017,포항역,용산역,141,142.0,143.0,365.0,3
2018,강릉역,서울역,113,119.0,118.94444444444444,60.0,18
2018,경산역,서울역,129,129.5,129.5,745.0,2
2018,계룡역,서울역,90,90.0,90.0,,1
2018,계룡역,용산역,77,82.0,81.44444444444444,105.0,9
2018,곡성역,서울역,145,150.0,150.66666666666666,321.0,3
2018,곡성역,용산역,132,140.0,145.0,137.6,6
2018,공주역,서울역,67,77.0,74.55555555555556,108.75,9
2018,공주역,용산역,61,66.0,66.2,63.142857142857146,15
2018,광명역,서울역,14,15.0,17.370786516853933,15.954545454545455,89
2018,광명역,용산역,13,15.0,15.513513513513514,37.638888888888886,37
2018,광주송정역,서울역,108,125.5,128.375,125.0,8
2018,광주송정역,용산역,98,117.0,118.43478260869566,46.77272727272727,23
2018,구례구역,서울역,152,161.0,158.66666666666666,389.5,3
2018,구례구역,용산역,140,149.5,154.33333333333334,185.8,6
2018,구포역,서울역,162,174.0,172.66666666666666,121.0,9
2018,김천(구미)역,서울역,83,90.0,90.2258064516129,34.13333333333333,31
2018,나주역,서울역,135,146.0,150.5,291.6666666666667,4
2018,나주역,용산역,110,129.5,130.5,76.46153846153847,14
2018,남원역,서울역,131,139.0,139.4,195.75,5
2018,남원역,용산역,118,129.0,133.0,77.3076923076923,14
2018,논산역,서울역,108,108.0,108.0,,1
2018,논산역,용산역,95,99.0,99.22222222222223,105.0,9
2018,대전역,서울역,53,66.0,66.9578947368421,15.042553191489361,95
2018,동대구역,서울역,95,110.0,110.90322580645162,11.728260869565217,93
2018,둔내역,서울역,80,83.0,83.44444444444444,120.625,9
2018,마산역,서울역,169,184.0,181.85714285714286,77.3076923076923,14
2018,만종역,서울역,68,69.0,69.92307692307692,85.0,13
2018,목포역,서울역,144,169.0,170.5,175.0,6
2018,목포역,용산역,137,158.0,159.44444444444446,58.529411764705884,18
2018,밀양역,서울역,135,146.0,145.45,54.05263157894737,20
2018,부산역,서울역,135,162.0,165.03125,17.38095238095238,64
2018,상봉역,서울역,25,26.0,26.22222222222222,104.75,9
2018,서대전역,서울역,74,74.0,74.33333333333333,322.0,3
2018,서대전역,용산역,62,68.0,67.0,76.36363636363636,12
2018,수원역,서울역,30,33.0,32.75,229.66666666666666,4
2018,순천역,서울역,166,176.0,173.6,194.75,5
2018,순천역,용산역,148,162.0,166.21428571428572,77.53846153846153,14
2018,신경주역,서울역,116,128.0,129.66666666666666,52.7,21
2018,양평역,서울역,47,47.0,48.45454545454545,90.3,11
2018,여수엑스포역,서울역,186,197.0,195.0,195.0,5
2018,여수엑스포역,용산역,168,183.5,187.42857142857142,77.6923076923077,14
2018,여천역,서울역,182,191.5,189.75,260.0,4
2018,여천역,용산역,169,177.0,180.4,103.33333333333333,10
2018,영등포역,서울역,9,9.0,9.25,231.0,4
2018,오송역,서울역,45,53.0,52.57627118644068,24.56896551724138,59
2018,오송역,용산역,44,51.5,50.714285714285715,38.51851851851852,28
2018,용산역,서울역,5,5.0,6.866666666666666,62.07142857142857,15
2018,울산역,서울역,128,139.0,141.27777777777777,30.97142857142857,36
2018,익산역,서울역,79,89.0,93.76923076923077,72.41666666666667,13
2018,익산역,용산역,69,83.0,89.52380952380952,25.341463414634145,42
2018,전주역,서울역,104,112.0,112.6,196.0,5
2018,전주역,용산역,91,102.0,108.46666666666667,71.85714285714286,15
2018,정읍역,서울역,104,110.0,110.2,218.75,5
2018,정읍역,용산역,88,100.0,103.06666666666666,68.64285714285714,15
2018,진부역,서울역,96,99.5,100.7,100.0,10
2018,진영역,서울역,162,163.0,164.0,178.4,6
2018,진주역,서울역,195,209.0,206.71428571428572,138.33333333333334,7
2018,창원역,서울역,169,181.0,179.28571428571428,167.5,7
2018,창원중앙역,서울역,157,172.5,169.4,103.11111111111111,10
2018,천안아산역,서울역,35,40.0,40.48076923076923,27.254901960784313,52
2018,천안아산역,용산역,35,38.0,39.13636363636363,46.19047619047619,22
2018,청량리역,서울역,19,20.0,20.0,81.47058823529412,18
2018,평창역,서울역,89,94.0,93.91666666666667,86.81818181818181,12
2018,포항역,서울역,143,150.0,149.64285714285714,72.6923076923077,14
2018,횡성역,서울역,73,78.0,78.0,100.0,10
2019,강릉역,서울역,113,119.0,118.94444444444444,60.0,18
2019,경산역,서울역,129,129.5,129.5,745.0,2
2019,계룡역,서울역,90,90.0,90.0,,1
2019,계룡역,용산역,77,82.0,81.55555555555556,105.0,9
2019,곡성역,서울역,143,152.5,151.25,244.33333333333334,4
2019,곡성역,용산역,131,141.0,143.57142857142858,122.16666666666667,7
2019,공주역,서울역,70,77.0,75.7,96.66666666666667,10
2019,공주역,용산역,61,66.5,66.625,58.93333333333333,16
2019,광명역,서울역,14,15.0,17.681318681318682,15.877777777777778,91
2019,광명역,용산역,13,15.0,15.81081081081081,37.72222222222222,37
2019,광주송정역,서울역,108,127.0,132.375,124.42857142857143,8
2019,광주송정역,용산역,100,117.0,121.17391304347827,46.54545454545455,23
2019,구례구역,서울역,152,158.0,157.0,387.0,3
2019,구례구역,용산역,140,148.0,153.5,184.8,6
2019,구포역,서울역,162,174.0,172.88888888888889,121.0,9
2019,김제역,서울역,147,147.0,147.0,,1
2019,김제역,용산역,142,142.5,142.5,673.0,2
2019,김천(구미)역,서울역,83,90.0,90.22857142857143,28.88235294117647,35
2019,나주역,서울역,134,145.0,156.75,290.3333333333333,4
2019,나주역,용산역,111,129.0,136.4,70.5,15
2019,남원역,서울역,131,139.0,139.0,173.4,6
2019,남원역,용산역,114,129.0,131.625,67.0,16
2019,논산역,서울역,108,108.0,108.0,,1
2019,논산역,용산역,95,99.0,99.33333333333333,105.0,9
2019,대전역,서울역,53,66.0,67.65,14.16161616161616,100
2019,동대구역,서울역,94,111.0,111.76530612244898,11.082474226804123,98
2019,둔내역,서울역,80,83.0,83.44444444444444,120.625,9
2019,마산역,서울역,168,185.0,182.75,66.66666666666667,16
2019,만종역,서울역,68,69.0,69.92307692307692,85.0,13
2019,목포역,서울역,141,167.0,172.66666666666666,174.2,6
2019,목포역,용산역,136,155.0,160.27777777777777,58.05882352941177,18
2019,밀양역,서울역,133,147.0,145.63636363636363,48.666666666666664,22
2019,부산역,서울역,135,162.0,166.0909090909091,16.846153846153847,66
2019,상봉역,서울역,25,26.0,26.22222222222222,104.75,9
2019,서대전역,서울역,75,77.5,77.5,644.0,2
2019,서대전역,용산역,62,67.0,67.0909090909091,84.0,11
2019,수원역,서울역,30,34.5,33.666666666666664,158.2,6
2019,순천역,서울역,166,174.5,173.16666666666666,173.6,6
2019,순천역,용산역,144,161.5,164.6875,67.26666666666667,16
2019,신경주역,서울역,118,128.0,131.77272727272728,49.476190476190474,22
2019,양평역,서울역,47,47.0,48.45454545454545,90.3,11
2019,여수엑스포역,서울역,186,195.5,194.66666666666666,173.2,6
2019,여수엑스포역,용산역,164,182.5,186.0,67.33333333333333,16
2019,여천역,서울역,180,190.0,188.8,216.75,5
2019,여천역,용산역,169,177.0,178.66666666666666,84.0,12
2019,영등포역,서울역,9,9.0,9.333333333333334,158.4,6
2019,오송역,서울역,45,53.0,52.81666666666667,17.64406779661017,60
2019,오송역,용산역,42,51.0,50.793103448275865,37.392857142857146,29
2019,용산역,서울역,5,6.0,7.8,62.07142857142857,15
2019,울산역,서울역,122,139.0,141.8684210526316,29.27027027027027,38
2019,익산역,서울역,79,92.0,94.57142857142857,66.84615384615384,14
2019,익산역,용산역,71,83.0,89.45454545454545,24.302325581395348,44
2019,장성역,서울역,179,179.0,179.0,,1
2019,장성역,용산역,174,174.5,174.5,673.0,2
2019,전주역,서울역,104,112.5,112.16666666666667,173.6,6
2019,전주역,용산역,87,102.0,106.94117647058823,62.875,17
2019,정읍역,서울역,104,114.0,119.16666666666667,174.2,6
2019,정읍역,용산역,88,103.0,107.625,64.06666666666666,16
2019,진부역,서울역,96,99.5,100.7,100.0,10
2019,진영역,서울역,162,166.0,165.71428571428572,148.66666666666666,7
2019,진주역,서울역,195,210.0,208.25,118.57142857142857,8
2019,창원역,서울역,162,181.0,179.42857142857142,166.66666666666666,7
2019,창원중앙역,서울역,157,173.0,171.07692307692307,80.0,13
2019,천안아산역,서울역,35,40.0,40.431372549019606,28.06,51
2019,천안아산역,용산역,35,39.0,39.43478260869565,44.09090909090909,23
2019,청량리역,서울역,19,20.0,20.0,81.47058823529412,18
2019,평창역,서울역,89,94.0,93.91666666666667,86.81818181818181,12
2019,포항역,서울역,143,150.0,149.6,67.5,15
2019,횡성역,서울역,73,78.0,78.0,100.0,10
2020,강릉역,서울역,113,119.5,119.71428571428571,78.46153846153847,14
2020,경산역,서울역,129,129.5,129.5,745.0,2
2020,계룡역,서울역,90,90.0,90.0,,1
2020,계룡역,용산역,77,82.0,81.55555555555556,105.0,9
2020,곡성역,서울역,143,152.5,151.25,244.33333333333334,4
2020,곡성역,용산역,131,141.0,143.57142857142858,122.16666666666667,7
2020,공주역,서울역,70,77.0,75.7,96.66666666666667,10
2020,공주역,용산역,61,65.5,66.1875,58.93333333333333,16
2020,광명역,서울역,14,15.0,17.804347826086957,15.703296703296703,92
2020,광명역,용산역,13,15.5,15.81578947368421,36.7027027027027,38
2020,광주송정역,서울역,108,127.0,132.375,124.42857142857143,8
2020,광주송정역,용산역,100,117.0,120.8695652173913,46.54545454545455,23
2020,구례구역,서울역,152,158.0,157.0,387.0,3
2020,구례구역,용산역,140,148.0,153.5,184.8,6
2020,구포역,서울역,162,174.0,172.88888888888889,121.0,9
2020,김제역,서울역,147,147.0,147.0,,1
2020,김제역,용산역,142,143.0,143.0,672.0,2
2020,김천(구미)역,서울역,83,90.0,90.2,28.91176470588235,35
2020,나주역,서울역,134,145.0,156.75,290.3333333333333,4
2020,나주역,용산역,111,128.0,135.93333333333334,70.5,15
2020,남원역,서울역,131,139.0,139.0,173.4,6
2020,남원역,용산역,114,129.0,131.625,67.0,16
2020,논산역,서울역,108,108.0,108.0,,1
2020,논산역,용산역,95,99.0,99.33333333333333,105.0,9
2020,대전역,서울역,53,66.0,67.66,14.16161616161616,100
2020,동대구역,서울역,94,111.0,111.75510204081633,11.082474226804123,98
2020,동해역,서울역,156,159.0,159.25,228.33333333333334,4
2020,둔내역,서울역,80,85.0,84.75,143.71428571428572,8
2020,마산역,서울역,168,185.0,182.8125,66.66666666666667,16
2020,만종역,서울역,68,69.5,70.25,68.0,16
2020,목포역,서울역,141,167.0,172.66666666666666,174.2,6
2020,목포역,용산역,136,154.5,159.88888888888889,58.05882352941177,18
2020,묵호역,서울역,149,152.0,152.25,228.33333333333334,4
2020,밀양역,서울역,133,147.0,145.5909090909091,48.666666666666664,22
2020,부산역,서울역,135,162.0,166.0909090909091,16.846153846153847,66
2020,상봉역,서울역,25,26.0,26.3,92.11111111111111,10
2020,서대전역,서울역,75,80.0,78.33333333333333,322.0,3
2020,서대전역,용산역,62,68.0,67.25,76.36363636363636,12
2020,수원역,서울역,30,34.5,33.666666666666664,158.2,6
2020,순천역,서울역,166,174.5,173.16666666666666,173.6,6
2020,순천역,용산역,144,161.5,164.6875,67.26666666666667,16
2020,신경주역,서울역,118,128.0,131.72727272727272,49.476190476190474,22
2020,양평역,서울역,47,48.5,48.833333333333336,91.54545454545455,12
2020,여수엑스포역,서울역,186,195.5,194.66666666666666,173.2,6
2020,여수엑스포역,용산역,164,182.5,186.0,67.33333333333333,16
2020,여천역,서울역,180,190.0,188.8,216.75,5
2020,여천역,용산역,169,177.0,178.66666666666666,84.0,12
2020,영등포역,서울역,9,9.0,9.333333333333334,158.4,6
2020,오송역,서울역,45,53.0,52.91803278688525,17.35,61
2020,오송역,용산역,42,51.0,50.733333333333334,36.10344827586207,30
2020,용산역,서울역,5,7.5,8.0,57.93333333333333,16
2020,울산역,서울역,122,139.0,141.8421052631579,29.27027027027027,38
2020,익산역,서울역,79,92.0,94.57142857142857,66.84615384615384,14
2020,익산역,용산역,71,83.0,89.29545454545455,24.302325581395348,44
2020,장성역,서울역,179,179.0,179.0,,1
2020,장성역,용산역,174,174.5,174.5,673.0,2
2020,전주역,서울역,104,112.5,112.16666666666667,173.6,6
2020,전주역,용산역,87,102.0,106.94117647058823,62.875,17
2020,정동진역,서울역,128,130.5,131.0,228.66666666666666,4
2020,정읍역,서울역,104,114.0,119.16666666666667,174.2,6
2020,정읍역,용산역,88,101.5,107.1875,64.06666666666666,16
2020,진부역,서울역,97,103.0,102.54545454545455,93.8,11
2020,진영역,서울역,162,165.0,165.57142857142858,148.66666666666666,7
2020,진주역,서울역,195,210.0,208.25,118.85714285714286,8
2020,창원역,서울역,162,181.0,179.42857142857142,166.66666666666666,7
2020,창원중앙역,서울역,157,173.0,171.07692307692307,80.0,13
2020,천안아산역,서울역,35,40.0,40.431372549019606,28.06,51
2020,천안아산역,용산역,35,38.0,39.17391304347826,44.09090909090909,23
2020,청량리역,서울역,19,20.0,20.0,84.0,18
2020,평창역,서울역,89,94.5,94.28571428571429,73.46153846153847,14
2020,포항역,서울역,143,150.0,149.66666666666666,67.5,15
2020,횡성역,서울역,75,79.5,79.0,99.55555555555556,10
2021,강릉역,서울역,111,119.0,120.28571428571429,78.84615384615384,14
2021,경산역,서울역,128,129.0,129.0,747.0,2
2021,계룡역,서울역,94,94.5,94.5,657.0,2
2021,계룡역,용산역,77,83.0,83.11111111111111,106.375,9
2021,곡성역,서울역,146,150.5,150.25,245.33333333333334,4
2021,곡성역,용산역,131,142.0,144.25,105.14285714285714,8
2021,공주역,서울역,70,78.0,77.8,96.44444444444444,10
2021,공주역,용산역,61,68.0,67.75,59.266666666666666,16
2021,광명역,서울역,16,16.0,18.282608695652176,15.714285714285714,92
2021,광명역,용산역,14,14.0,15.72972972972973,27.61111111111111,37
2021,광주송정역,서울역,109,127.0,141.0,108.375,9
2021,광주송정역,용산역,99,118.0,122.43478260869566,46.04545454545455,23
2021,구례구역,서울역,154,160.0,160.33333333333334,392.5,3
2021,구례구역,용산역,135,151.0,154.42857142857142,154.0,7
2021,구포역,서울역,163,173.0,172.55555555555554,120.75,9
2021,김제역,서울역,151,152.0,152.0,654.0,2
2021,김제역,용산역,143,144.5,144.5,654.0,2
2021,김천(구미)역,서울역,84,90.0,91.02777777777777,28.114285714285714,36
2021,나주역,서울역,131,145.0,155.0,216.75,5
2021,나주역,용산역,109,130.0,132.46666666666667,70.85714285714286,15
2021,남원역,서울역,136,140.5,141.0,173.2,6
2021,남원역,용산역,113,131.0,132.9375,67.46666666666667,16
2021,논산역,서울역,112,112.5,112.5,657.0,2
2021,논산역,용산역,95,101.0,101.11111111111111,106.375,9
2021,대전역,서울역,53,66.0,68.0990099009901,13.99,101
2021,동대구역,서울역,94,112.0,112.18181818181819,11.020408163265307,99
2021,동해역,서울역,156,159.0,159.25,228.33333333333334,4
2021,둔내역,서울역,83,85.0,85.33333333333333,125.75,9
2021,마산역,서울역,171,183.5,182.3125,66.86666666666666,16
2021,만종역,서울역,68,70.0,70.33333333333333,72.85714285714286,15
2021,목포역,서울역,143,172.0,183.85714285714286,144.5,7
2021,목포역,용산역,136,157.5,161.77777777777777,58.35294117647059,18
2021,묵호역,서울역,149,152.0,152.25,228.33333333333334,4
2021,밀양역,서울역,135,145.5,144.6818181818182,48.57142857142857,22
2021,부산역,서울역,135,161.5,164.86363636363637,16.784615384615385,66
2021,상봉역,서울역,25,26.0,26.2,92.11111111111111,10
2021,서대전역,서울역,78,78.5,78.5,657.0,2
2021,서대전역,용산역,61,68.0,68.18181818181819,85.0,11
2021,서원주역,서울역,65,66.0,65.66666666666667,185.0,3
2021,수원역,서울역,31,31.0,31.0,156.8,6
2021,순천역,서울역,169,176.0,175.16666666666666,173.0,6
2021,순천역,용산역,143,165.0,166.25,67.66666666666667,16
2021,신경주역,서울역,120,127.5,131.33333333333334,45.130434782608695,24
2021,양평역,서울역,47,48.5,48.75,91.54545454545455,12
2021,여수엑스포역,서울역,191,198.0,197.16666666666666,173.0,6
2021,여수엑스포역,용산역,165,187.0,187.9375,67.66666666666667,16
2021,여천역,서울역,184,190.0,189.33333333333334,173.0,6
2021,여천역,용산역,158,179.0,178.42857142857142,78.0,14
2021,영등포역,서울역,9,9.0,9.0,156.8,6
2021,오송역,서울역,43,54.0,52.80952380952381,16.758064516129032,63
2021,오송역,용산역,42,50.0,51.54838709677419,34.43333333333333,31
2021,용산역,서울역,5,5.0,8.2,61.92857142857143,15
2021,울산역,서울역,122,139.0,140.1315789473684,29.324324324324323,38
2021,익산역,서울역,80,96.0,98.66666666666667,62.0,15
2021,익산역,용산역,70,86.0,90.97727272727273,24.023255813953487,44
2021,장성역,서울역,184,185.5,185.5,653.0,2
2021,장성역,용산역,177,178.0,178.0,653.0,2
2021,전주역,서울역,110,114.5,115.16666666666667,173.4,6
2021,전주역,용산역,87,106.0,111.11111111111111,59.588235294117645,18
2021,정동진역,서울역,128,130.5,131.0,228.66666666666666,4
2021,정읍역,서울역,102,116.0,127.14285714285714,144.5,7
2021,정읍역,용산역,87,105.0,109.0,63.2,16
2021,진부역,서울역,98,102.0,102.91666666666667,91.18181818181819,12
2021,진영역,서울역,154,165.0,163.71428571428572,149.5,7
2021,진주역,서울역,197,210.0,208.88888888888889,103.625,9
2021,창원역,서울역,165,179.0,178.28571428571428,167.16666666666666,7
2021,창원중앙역,서울역,159,171.0,169.69230769230768,80.5,13
2021,천안아산역,서울역,35,41.0,41.294117647058826,28.0,51
2021,천안아산역,용산역,35,40.0,40.78260869565217,43.18181818181818,23
2021,청량리역,서울역,19,20.0,19.88888888888889,84.0,18
2021,평창역,서울역,89,95.0,94.84615384615384,79.58333333333333,13
2021,포항역,서울역,138,150.5,149.8125,63.93333333333333,16
2021,횡성역,서울역,77,80.0,79.4,99.55555555555556,10
2022,강릉역,서울역,111,119.0,120.28571428571429,78.84615384615384,14
2022,경산역,서울역,128,129.0,129.0,747.0,2
2022,계룡역,서울역,94,94.5,94.5,657.0,2
2022,계룡역,용산역,77,83.0,83.11111111111111,106.375,9
2022,곡성역,서울역,146,150.5,150.25,245.33333333333334,4
2022,곡성역,용산역,131,142.0,144.25,105.14285714285714,8
2022,공주역,서울역,70,78.0,77.8,96.44444444444444,10
2022,공주역,용산역,61,68.0,67.75,59.266666666666666,16
2022,광명역,서울역,16,16.0,18.282608695652176,15.714285714285714,92
2022,광명역,용산역,14,14.0,15.72972972972973,27.61111111111111,37
2022,광주송정역,서울역,109,127.0,141.0,108.375,9
2022,광주송정역,용산역,99,118.0,122.43478260869566,46.04545454545455,23
2022,구례구역,서울역,154,160.0,160.33333333333334,392.5,3
2022,구례구역,용산역,135,151.0,154.42857142857142,154.0,7
2022,구포역,서울역,163,173.0,172.55555555555554,120.75,9
2022,김제역,서울역,151,152.0,152.0,654.0,2
2022,김제역,용산역,143,144.5,144.5,654.0,2
2022,김천(구미)역,서울역,84,90.0,91.02777777777777,28.114285714285714,36
2022,나주역,서울역,131,145.0,155.0,216.75,5
2022,나주역,용산역,109,130.0,132.46666666666667,70.85714285714286,15
2022,남원역,서울역,136,140.5,141.0,173.2,6
2022,남원역,용산역,113,131.0,132.9375,67.46666666666667,16
2022,논산역,서울역,112,112.5,112.5,657.0,2
2022,논산역,용산역,95,101.0,101.11111111111111,106.375,9
2022,대전역,서울역,53,66.0,68.0990099009901,13.99,101
2022,동대구역,서울역,94,112.0,112.18181818181819,11.020408163265307,99
2022,동해역,서울역,156,159.0,159.25,228.33333333333334,4
2022,둔내역,서울역,83,85.0,85.33333333333333,125.75,9
2022,마산역,서울역,171,183.5,182.3125,66.86666666666666,16
2022,만종역,서울역,68,70.0,70.33333333333333,72.85714285714286,15
2022,목포역,서울역,143,172.0,183.85714285714286,144.5,7
2022,목포역,용산역,136,157.5,161.77777777777777,58.35294117647059,18
2022,묵호역,서울역,149,152.0,152.25,228.33333333333334,4
2022,밀양역,서울역,135,145.5,144.6818181818182,48.57142857142857,22
2022,부산역,서울역,135,161.5,164.86363636363637,16.784615384615385,66
2022,상봉역,서울역,25,26.0,26.2,92.11111111111111,10
2022,서대전역,서울역,78,78.5,78.5,657.0,2
2022,서대전역,용산역,61,68.0,68.18181818181819,85.0,11
2022,서원주역,서울역,65,66.0,65.66666666666667,185.0,3
2022,수원역,서울역,31,31.0,31.0,156.8,6
2022,순천역,서울역,169,176.0,175.16666666666666,173.0,6
2022,순천역,용산역,143,165.0,166.25,67.66666666666667,16
2022,신경주역,서울역,120,127.5,131.33333333333334,45.130434782608695,24
2022,양평역,서울역,47,48.5,48.75,91.54545454545455,12
2022,여수엑스포역,서울역,191,198.0,197.16666666666666,173.0,6
2022,여수엑스포역,용산역,165,187.0,187.9375,67.66666666666667,16
2022,여천역,서울역,184,190.0,189.33333333333334,173.0,6
2022,여천역,용산역,158,179.0,178.42857142857142,78.0,14
2022,영등포역,서울역,9,9.0,9.0,156.8,6
2022,오송역,서울역,43,54.0,52.80952380952381,16.758064516129032,63
2022,오송역,용산역,42,50.0,51.54838709677419,34.43333333333333,31
2022,용산역,서울역,5,5.0,8.2,61.92857142857143,15
2022,울산역,서울역,122,139.0,140.1315789473684,29.324324324324323,38
2022,익산역,서울역,80,96.0,98.66666666666667,62.0,15
2022,익산역,용산역,70,86.0,90.97727272727273,24.023255813953487,44
2022,장성역,서울역,184,185.5,185.5,653.0,2
2022,장성역,용산역,177,178.0,178.0,653.0,2
2022,전주역,서울역,110,114.5,115.16666666666667,173.4,6
2022,전주역,용산역,87,106.0,111.11111111111111,59.588235294117645,18
2022,정동진역,서울역,128,130.5,131.0,228.66666666666666,4
2022,정읍역,서울역,102,116.0,127.14285714285714,144.5,7
2022,정읍역,용산역,87,105.0,109.0,63.2,16
2022,진부역,서울역,98,102.0,102.91666666666667,91.18181818181819,12
2022,진영역,서울역,154,165.0,163.71428571428572,149.5,7
2022,진주역,서울역,197,210.0,208.88888888888889,103.625,9
2022,창원역,서울역,165,179.0,178.28571428571428,167.16666666666666,7
2022,창원중앙역,서울역,159,171.0,169.69230769230768,80.5,13
2022,천안아산역,서울역,35,41.0,41.294117647058826,28.0,51
2022,천안아산역,용산역,35,40.0,40.78260869565217,43.18181818181818,23
2022,청량리역,서울역,19,20.0,19.88888888888889,84.0,18
2022,평창역,서울역,89,95.0,94.84615384615384,79.58333333333333,13
2022,포항역,서울역,138,150.5,149.8125,63.93333333333333,16
2022,횡성역,서울역,77,80.0,79.4,99.55555555555556,10
2023,강릉역,서울역,111,122.0,122.14285714285714,79.07692307692308,14
2023,경산역,서울역,126,131.0,129.66666666666666,373.0,3
2023,경주역,서울역,122,132.0,133.53571428571428,38.44444444444444,28
2023,계룡역,서울역,97,97.0,97.0,219.0,4
2023,계룡역,용산역,79,85.0,85.25,77.27272727272727,12
2023,곡성역,서울역,143,152.0,151.25,245.66666666666666,4
2023,곡성역,용산역,134,144.0,146.22222222222223,92.125,9
2023,공주역,서울역,69,80.0,77.63636363636364,86.2,11
2023,공주역,용산역,64,70.0,69.76470588235294,53.875,17
2023,광명역,서울역,18,18.0,20.067961165048544,14.019607843137255,103
2023,광명역,용산역,16,18.0,17.61904761904762,24.21951219512195,42
2023,광주송정역,서울역,119,134.0,153.0,96.55555555555556,10
2023,광주송정역,용산역,105,124.5,132.80769230769232,40.48,26
2023,구례구역,서울역,153,162.5,170.5,259.6666666666667,4
2023,구례구역,용산역,137,153.0,159.44444444444446,114.75,9
2023,구포역,서울역,170,183.0,181.11111111111111,119.625,9
2023,김제역,서울역,153,160.0,157.66666666666666,325.0,3
2023,김제역,용산역,148,149.0,148.66666666666666,325.0,3
2023,김천(구미)역,서울역,86,92.0,92.8,25.23076923076923,40
2023,나주역,서울역,138,144.0,155.66666666666666,173.8,6
2023,나주역,용산역,115,136.0,140.64705882352942,61.8125,17
2023,남원역,서울역,132,142.0,146.125,123.0,8
2023,남원역,용산역,119,133.0,137.0,59.11764705882353,18
2023,논산역,서울역,115,115.0,115.0,219.0,4
2023,논산역,용산역,97,103.0,103.33333333333333,77.27272727272727,12
2023,단양역,서울역,110,112.0,113.33333333333333,267.5,3
2023,대전역,서울역,55,68.0,69.73214285714286,9.585585585585585,112
2023,동대구역,서울역,99,115.0,115.04545454545455,9.53211009174312,110
2023,동해역,서울역,156,159.0,159.25,228.33333333333334,4
2023,둔내역,서울역,83,86.0,86.77777777777777,126.125,9
2023,마산역,서울역,173,188.0,186.8421052631579,55.72222222222222,19
2023,만종역,서울역,68,71.5,71.78571428571429,78.6923076923077,14
2023,목포역,서울역,156,174.0,193.55555555555554,108.625,9
2023,목포역,용산역,143,164.0,173.33333333333334,49.45,21
2023,묵호역,서울역,149,151.5,152.0,228.33333333333334,4
2023,물금역,서울역,159,173.5,171.5,155.6,6
2023,밀양역,서울역,137,150.0,149.24,42.5,25
2023,부산역,서울역,146,165.0,169.1159420289855,15.455882352941176,69
2023,상봉역,서울역,26,26.0,26.25,102.0,8
2023,서대구역,서울역,96,110.0,109.06666666666666,65.71428571428571,15
2023,서대전역,서울역,81,81.0,81.0,219.0,4
2023,서대전역,용산역,63,69.5,70.0,65.38461538461539,14
2023,서원주역,서울역,65,66.0,67.54545454545455,67.5,11
2023,수원역,서울역,33,33.0,33.0,156.8,6
2023,순천역,서울역,166,177.5,179.625,122.85714285714286,8
2023,순천역,용산역,149,166.0,170.5,59.294117647058826,18
2023,안동역,서울역,151,156.0,155.75,177.33333333333334,4
2023,양평역,서울역,47,48.5,48.92857142857143,77.46153846153847,14
2023,여수엑스포역,서울역,188,199.5,201.625,122.85714285714286,8
2023,여수엑스포역,용산역,170,188.0,192.16666666666666,59.35294117647059,18
2023,여천역,서울역,180,191.5,193.875,122.85714285714286,8
2023,여천역,용산역,163,180.0,183.125,67.2,16
2023,영등포역,서울역,11,11.0,11.0,156.8,6
2023,영주역,서울역,131,136.0,135.75,177.33333333333334,4
2023,오송역,서울역,45,56.0,54.696969696969695,15.984615384615385,66
2023,오송역,용산역,44,52.0,52.90909090909091,32.25,33
2023,용산역,서울역,5,7.0,7.666666666666667,50.588235294117645,18
2023,울산역,서울역,124,143.0,144.3095238095238,25.24390243902439,42
2023,원주역,서울역,77,79.0,80.25,178.33333333333334,4
2023,익산역,서울역,83,98.0,103.88888888888889,50.705882352941174,18
2023,익산역,용산역,73,88.0,94.89795918367346,21.520833333333332,49
2023,장성역,서울역,186,193.0,190.66666666666666,325.0,3
2023,장성역,용산역,181,182.0,181.66666666666666,325.0,3
2023,전주역,서울역,107,116.0,120.25,123.14285714285714,8
2023,전주역,용산역,93,108.0,115.85714285714286,50.3,21
2023,정동진역,서울역,128,130.0,130.75,228.66666666666666,4
2023,정읍역,서울역,101,125.0,137.71428571428572,112.0,7
2023,정읍역,용산역,92,106.0,117.3157894736842,52.333333333333336,19
2023,제천역,서울역,93,96.0,97.0,178.33333333333334,4
2023,진부(오대산)역,서울역,99,103.5,104.58333333333333,91.45454545454545,12
2023,진영역,서울역,156,166.5,166.5,99.44444444444444,10
2023,진주역,서울역,199,214.0,213.75,75.63636363636364,12
2023,창원역,서울역,168,186.0,183.875,143.28571428571428,8
2023,창원중앙역,서울역,161,176.0,174.35294117647058,60.375,17
2023,천안아산역,서울역,38,43.0,43.69642857142857,25.454545454545453,56
2023,천안아산역,용산역,37,43.0,42.56,39.541666666666664,25
2023,청량리역,서울역,19,20.0,20.181818181818183,68.0,22
2023,평창역,서울역,89,96.0,96.38461538461539,80.25,13
2023,포항역,서울역,140,152.0,151.57142857142858,47.95,21
2023,풍기역,서울역,120,124.0,123.0,205.5,3
2023,횡성역,서울역,77,80.5,81.3,100.44444444444444,10
2024,강릉역,서울역,111,122.0,122.35714285714286,79.07692307692308,14
2024,경산역,서울역,126,130.0,129.33333333333334,376.5,3
2024,경주역,서울역,122,132.0,133.25925925925927,39.92307692307692,27
2024,계룡역,서울역,97,97.0,97.0,219.0,4
2024,계룡역,용산역,79,85.0,85.08333333333333,77.27272727272727,12
2024,곡성역,서울역,143,152.0,151.25,245.66666666666666,4
2024,곡성역,용산역,135,144.0,146.77777777777777,92.125,9
2024,공주역,서울역,69,78.5,77.58333333333333,78.36363636363636,12
2024,공주역,용산역,64,70.0,69.94117647058823,53.875,17
2024,광명역,서울역,18,18.0,19.903846153846153,13.883495145631068,104
2024,광명역,용산역,16,18.0,17.609756097560975,24.825,41
2024,광주송정역,서울역,107,134.0,148.27272727272728,86.9,11
2024,광주송정역,용산역,102,125.0,131.22222222222223,38.92307692307692,27
2024,구례구역,서울역,153,162.5,170.5,259.6666666666667,4
2024,구례구역,용산역,137,153.0,159.44444444444446,114.75,9
2024,구포역,서울역,170,183.0,181.22222222222223,119.625,9
2024,김제역,서울역,153,160.0,157.66666666666666,325.0,3
2024,김제역,용산역,148,149.0,148.66666666666666,325.0,3
2024,김천(구미)역,서울역,80,92.5,93.84210526315789,26.594594594594593,38
2024,나주역,서울역,132,144.0,153.14285714285714,144.83333333333334,7
2024,나주역,용산역,115,135.0,137.41176470588235,61.8125,17
2024,남원역,서울역,132,142.0,146.125,123.0,8
2024,남원역,용산역,119,133.0,137.27777777777777,59.11764705882353,18
2024,논산역,서울역,115,115.0,115.0,219.0,4
2024,논산역,용산역,97,103.0,103.16666666666667,77.27272727272727,12
2024,단양역,서울역,111,113.0,113.33333333333333,267.5,3
2024,대전역,서울역,55,68.0,69.95762711864407,9.094017094017094,118
2024,동대구역,서울역,99,114.0,115.12931034482759,9.034782608695652,116
2024,동해역,서울역,156,159.0,159.25,228.33333333333334,4
2024,둔내역,서울역,83,86.0,86.88888888888889,126.125,9
2024,마산역,서울역,174,188.0,186.78947368421052,55.72222222222222,19
2024,만종역,서울역,68,71.5,71.71428571428571,78.76923076923077,14
2024,목포역,서울역,160,174.0,194.66666666666666,108.625,9
2024,목포역,용산역,143,164.0,173.28571428571428,49.45,21
2024,묵호역,서울역,149,151.5,152.0,228.33333333333334,4
2024,물금역,서울역,159,173.5,171.5,155.6,6
2024,밀양역,서울역,137,150.0,149.28,42.541666666666664,25
2024,부산역,서울역,144,164.0,168.68,14.202702702702704,75
2024,상봉역,서울역,26,26.0,26.25,102.14285714285714,8
2024,서대구역,서울역,96,109.5,108.625,61.333333333333336,16
2024,서대전역,서울역,81,81.0,81.0,219.0,4
2024,서대전역,용산역,63,69.5,69.85714285714286,65.38461538461539,14
2024,서원주역,서울역,65,67.0,67.9090909090909,67.5,11
2024,수원역,서울역,33,33.0,33.75,113.42857142857143,8
2024,순천역,서울역,166,177.5,179.625,122.85714285714286,8
2024,순천역,용산역,149,166.0,170.77777777777777,59.294117647058826,18
2024,안동역,서울역,153,157.0,156.25,177.33333333333334,4
2024,양평역,서울역,47,48.5,48.785714285714285,77.46153846153847,14
2024,여수엑스포역,서울역,188,199.5,201.625,122.85714285714286,8
2024,여수엑스포역,용산역,170,188.0,192.44444444444446,59.35294117647059,18
2024,여천역,서울역,180,191.5,193.875,122.85714285714286,8
2024,여천역,용산역,163,180.0,183.4375,67.2,16
2024,영등포역,서울역,11,11.0,11.0,113.85714285714286,8
2024,영주역,서울역,133,137.0,136.25,177.33333333333334,4
2024,오송역,서울역,45,56.0,54.88709677419355,17.0327868852459,62
2024,오송역,용산역,44,52.0,52.878787878787875,32.25,33
2024,용산역,서울역,5,5.0,7.526315789473684,47.77777777777778,19
2024,울산역,서울역,124,144.0,145.66666666666666,23.522727272727273,45
2024,원주역,서울역,79,80.0,80.75,178.33333333333334,4
2024,익산역,서울역,75,98.0,102.05263157894737,47.888888888888886,19
2024,익산역,용산역,70,88.0,94.24,21.081632653061224,50
2024,장성역,서울역,186,193.0,190.66666666666666,325.0,3
2024,장성역,용산역,181,182.0,181.66666666666666,325.0,3
2024,전주역,서울역,107,116.0,120.25,123.14285714285714,8
2024,전주역,용산역,93,108.0,116.0952380952381,50.3,21
2024,정동진역,서울역,128,130.0,130.75,228.66666666666666,4
2024,정읍역,서울역,101,125.0,138.57142857142858,112.0,7
2024,정읍역,용산역,92,106.0,117.3157894736842,52.333333333333336,19
2024,제천역,서울역,95,97.0,97.5,178.33333333333334,4
2024,진부(오대산)역,서울역,99,103.5,104.66666666666667,91.45454545454545,12
2024,진영역,서울역,158,166.5,167.2,99.55555555555556,10
2024,진주역,서울역,199,214.5,213.25,75.72727272727273,12
2024,창원역,서울역,168,186.0,184.125,143.42857142857142,8
2024,창원중앙역,서울역,162,176.0,174.2941176470588,60.4375,17
2024,천안아산역,서울역,37,43.0,43.3448275862069,24.56140350877193,58
2024,천안아산역,용산역,37,42.0,42.52,39.541666666666664,25
2024,청량리역,서울역,19,20.0,19.90909090909091,67.95238095238095,22
2024,평창역,서울역,90,96.0,96.61538461538461,80.25,13
2024,포항역,서울역,140,152.0,151.71428571428572,48.0,21
2024,풍기역,서울역,122,125.0,124.33333333333333,205.5,3
2024,횡성역,서울역,77,81.0,81.4,100.44444444444444,10
2025,강릉역,서울역,116,122.5,124.0,79.0,14
2025,경산역,서울역,126,131.0,130.0,376.0,3
2025,경주역,서울역,124,133.5,142.66666666666666,35.793103448275865,30
2025,계룡역,서울역,97,97.0,97.25,218.66666666666666,4
2025,계룡역,용산역,79,85.0,85.41666666666667,77.27272727272727,12
2025,곡성역,서울역,145,154.0,152.5,267.0,4
2025,곡성역,용산역,136,145.0,147.88888888888889,100.125,9
2025,공주역,서울역,69,78.5,77.16666666666667,78.27272727272727,12
2025,공주역,용산역,64,70.0,69.58823529411765,53.8125,17
2025,광명역,서울역,18,18.0,19.883495145631066,14.019607843137255,103
2025,광명역,용산역,16,18.0,17.61904761904762,24.21951219512195,42
2025,광주송정역,서울역,108,134.0,148.8181818181818,86.8,11
2025,광주송정역,용산역,103,125.0,132.06896551724137,36.17857142857143,29
2025,구례구역,서울역,155,164.0,171.75,259.3333333333333,4
2025,구례구역,용산역,138,155.0,160.77777777777777,114.625,9
2025,구포역,서울역,171,184.0,182.22222222222223,119.75,9
2025,김제역,서울역,154,160.0,158.0,324.5,3
2025,김제역,용산역,149,150.0,149.66666666666666,324.5,3
2025,김천(구미)역,서울역,81,93.0,94.36842105263158,26.594594594594593,38
2025,나주역,서울역,133,144.5,155.5,107.2,6
2025,나주역,용산역,116,136.0,138.41176470588235,61.8125,17
2025,남원역,서울역,134,144.0,147.375,122.85714285714286,8
2025,남원역,용산역,120,134.0,138.44444444444446,59.11764705882353,18
2025,남창역,서울역,238,238.0,238.0,,1
2025,논산역,서울역,115,115.0,115.25,218.66666666666666,4
2025,논산역,용산역,97,103.0,103.5,77.27272727272727,12
2025,단양역,서울역,111,113.5,113.25,213.66666666666666,4
2025,대전역,서울역,55,68.0,70.1304347826087,9.342105263157896,115
2025,동대구역,서울역,99,115.0,116.1858407079646,9.276785714285714,113
2025,동해역,서울역,157,162.5,162.25,289.3333333333333,4
2025,둔내역,서울역,83,88.0,87.88888888888889,126.5,9
2025,마산역,서울역,175,190.0,187.8421052631579,55.77777777777778,19
2025,만종역,서울역,69,73.0,72.64285714285714,78.92307692307692,14
2025,목포역,서울역,160,172.0,194.55555555555554,109.0,9
2025,목포역,용산역,143,164.0,173.52380952380952,49.45,21
2025,묵호역,서울역,149,155.5,155.0,289.3333333333333,4
2025,물금역,서울역,160,174.5,172.5,155.4,6
2025,밀양역,서울역,138,152.0,150.2,42.583333333333336,25
2025,부산역,서울역,145,166.0,169.84931506849315,14.61111111111111,73
2025,부전역,서울역,252,264.0,262.75,176.33333333333334,4
2025,북울산역,서울역,207,207.0,207.0,,1
2025,상봉역,서울역,27,27.0,27.0,145.66666666666666,7
2025,서대구역,서울역,97,110.0,109.75,61.333333333333336,16
2025,서대전역,서울역,80,80.0,80.25,218.66666666666666,4
2025,서대전역,용산역,63,69.5,69.85714285714286,65.38461538461539,14
2025,서원주역,서울역,66,67.0,67.92307692307692,58.583333333333336,13
2025,수원역,서울역,33,33.0,33.75,113.42857142857143,8
2025,순천역,서울역,168,179.0,180.875,122.71428571428571,8
2025,순천역,용산역,151,167.5,171.94444444444446,59.294117647058826,18
2025,신해운대역,서울역,248,249.0,249.0,529.0,2
2025,안동역,서울역,141,144.0,145.8,160.75,5
2025,양평역,서울역,47,49.0,48.92307692307692,83.91666666666667,13
2025,여수엑스포역,서울역,190,201.0,202.75,122.71428571428571,8
2025,여수엑스포역,용산역,172,189.0,193.5,59.35294117647059,18
2025,여천역,서울역,182,193.0,195.0,122.71428571428571,8
2025,여천역,용산역,165,181.5,184.625,67.2,16
2025,영등포역,서울역,11,11.0,11.0,113.85714285714286,8
2025,영주역,서울역,126,129.0,130.4,161.0,5
2025,영천역,서울역,174,177.0,178.0,265.0,3
2025,오송역,서울역,46,56.0,54.83050847457627,17.913793103448278,59
2025,오송역,용산역,44,52.0,52.63636363636363,32.28125,33
2025,용산역,서울역,5,5.0,7.421052631578948,47.77777777777778,19
2025,울산역,서울역,124,144.5,146.72727272727272,24.069767441860463,44
2025,원주역,서울역,79,81.0,80.6,160.0,5
2025,의성역,서울역,156,156.0,156.0,,1
2025,익산역,서울역,77,99.0,103.26315789473684,47.833333333333336,19
2025,익산역,용산역,72,90.0,95.09803921568627,20.66,51
2025,장성역,서울역,187,193.0,191.0,324.5,3
2025,장성역,용산역,182,183.0,182.66666666666666,324.5,3
2025,전주역,서울역,109,118.0,121.5,123.0,8
2025,전주역,용산역,94,110.0,117.0952380952381,50.3,21
2025,정동진역,서울역,129,134.5,134.0,289.0,4
2025,정읍역,서울역,103,126.0,139.57142857142858,112.0,7
2025,정읍역,용산역,93,107.0,118.52631578947368,52.388888888888886,19
2025,제천역,서울역,96,98.0,97.8,160.0,5
2025,진부(오대산)역,서울역,98,106.0,105.5,91.72727272727273,12
2025,진영역,서울역,159,168.5,168.5,99.66666666666667,10
2025,진주역,서울역,200,216.0,214.16666666666666,75.9090909090909,12
2025,창원역,서울역,169,186.0,185.125,143.57142857142858,8
2025,창원중앙역,서울역,163,177.0,175.2941176470588,60.5,17
2025,천안아산역,서울역,38,43.0,43.50877192982456,25.0,57
2025,천안아산역,용산역,37,42.0,42.6,39.541666666666664,25
2025,청량리역,서울역,20,20.0,20.217391304347824,64.86363636363636,23
2025,태화강역,서울역,208,217.0,216.25,176.33333333333334,4
2025,평창역,서울역,93,98.5,98.83333333333333,88.0,12
2025,포항역,서울역,141,152.5,152.4,50.578947368421055,20
2025,풍기역,서울역,125,126.0,126.0,362.0,2
2025,횡성역,서울역,78,82.5,82.4,107.55555555555556,10
