region_sido,region_sigungu,lon_epsg_4326,lat_epsg_4326
강원,강릉시,128.83264215557946,37.70920497345897
강원,고성군,128.40001882735348,38.377273132830496
강원,동해시,129.05582967556833,37.50689435956642
강원,삼척시,129.12231632391246,37.27743243492508
강원,속초시,128.51979956083844,38.17611435447553
강원,양구군,128.0012367982651,38.17805025807918
강원,양양군,128.59542363488666,38.004597868625105
강원,영월군,128.50059837833,37.204011915873735
강원,원주시,127.92952207781332,37.3082213375686
강원,인제군,128.26332396206814,38.06881164945402
강원,정선군,128.73906314055424,37.37868605643131
강원,철원군,127.41344816577876,38.24387530436406
강원,춘천시,127.73986837117184,37.88979680291137
강원,태백시,128.98006692324307,37.17231397119439
강원,평창군,128.48258990937495,37.55683956773714
강원,홍천군,128.07426084127667,37.74504892655578
강원,화천군,127.68516573143754,38.13842629508749
강원,횡성군,128.07712470062896,37.508966782141215
경기,가평군,127.45019212297743,37.81843303117854
경기,고양시 덕양구,126.87863904432473,37.655808512237506
경기,고양시 일산 동구,126.79735316516602,37.67978323893388
경기,고양시 일산 서구,126.72785797444689,37.680326008155916
경기,과천시,127.00267821278699,37.4338443801804
경기,광명시,126.86470187159532,37.44516067886737
경기,광주시,127.30117596143332,37.40309071852747
경기,구리시,127.13121683258737,37.599193205326564
경기,군포시,126.92107834818701,37.34347295255885
경기,김포시,126.62582660131999,37.68082622789587
경기,남양주시,127.24365540042379,37.66252810150422
경기,동두천시,127.0779115768046,37.91653696503329
경기,부천시,126.7886741408142,37.50425256306801
경기,성남시 분당구,127.106018967467,37.37933446277853
경기,성남시 수정구,127.10420055832343,37.43526537836954
경기,성남시 중원구,127.16389627431323,37.43342861431573
경기,수원시 권선구,126.97975856128366,37.26052520206842
경기,수원시 영통구,127.05672428334107,37.27502554225509
경기,수원시 장안구,127.00344407247152,37.31396950164548
경기,수원시 팔달구,127.01624635666481,37.27745976289492
경기,시흥시,126.78355809730225,37.38606995723425
경기,안산시 단원구,126.68327173703427,37.27787230101553
경기,안산시 상록구,126.87057008166803,37.31567945627419
경기,안성시,127.30272183776964,37.03502714846338
경기,안양시 동안구,126.9554240116684,37.40039642067095
경기,안양시 만안구,126.91137778224528,37.404122670290185
경기,양주시,127.0011381212108,37.8086613214119
경기,양평군,127.57926443898717,37.518055852639804
경기,여주시,127.61573482365189,37.30246109787152
경기,연천군,127.02381074700651,38.0970382600367
경기,오산시,127.05132985689819,37.16329067671034
경기,용인시 기흥구,127.12134336375144,37.26741845204371
경기,용인시 수지구,127.07157102374741,37.33343899842976
경기,용인시 처인구,127.25293187256025,37.20333140138313
경기,의왕시,126.98960653852262,37.362380755174144
경기,의정부시,127.06842514593514,37.736191851778884
경기,이천시,127.48101270629786,37.20977778136359
경기,파주시,126.80945816697229,37.85551736547386
경기,평택시,126.9931355900824,37.01530078552348
경기,포천시,127.25033731349515,37.969778191366366
경기,하남시,127.20594368293166,37.522814616509876
경기,화성시,126.85691586783886,37.16979973328529
경남,거제시,128.6233354607226,34.870291139947284
경남,거창군,127.9041691798796,35.73255246100811
경남,고성군,128.2905120956275,35.01590117848922
경남,김해시,128.84521546117873,35.2721563558784
경남,남해군,127.94156010583704,34.818133735721865
경남,밀양시,128.78960139880317,35.49849972718724
경남,사천시,128.03744040597232,35.049195571966415
경남,산청군,127.88433598956702,35.3685976193836
경남,양산시,129.04104756233232,35.40188947264061
경남,의령군,128.27705778648397,35.39243099412631
경남,진주시,128.12979965011226,35.20515844193993
경남,창녕군,128.49296810401242,35.50831347952496
경남,창원시,128.60045562753817,35.20113749548915
경남,통영시,128.37422930697102,34.82560593775759
경남,하동군,127.77933360316864,35.137368021512486
경남,함안군,128.4308770458519,35.29100290197944
경남,함양군,127.72204122938552,35.55160201516877
경남,합천군,128.14154150304424,35.57657420882681
경북,경산시,128.80905740662126,35.83406192277304
경북,경주시,129.23618138479515,35.82653720733105
경북,고령군,128.3067230457413,35.737196147167246
경북,구미시,128.35555270269685,36.207314777094105
경북,군위군,128.64822455261668,36.170112011372375
경북,김천시,128.07770744649966,36.060423856005336
경북,문경시,128.1486075782017,36.690789714240964
경북,봉화군,128.91294427906826,36.93415306622462
경북,상주시,128.0669804396574,36.42953341937893
경북,성주군,128.23339312858283,35.907226000739506
경북,안동시,128.78004055215712,36.580232925918686
경북,영덕군,129.31765137194105,36.4823773354663
경북,영양군,129.14503142624542,36.69638978372123
경북,영주시,128.59767755470955,36.87047376959426
경북,영천시,128.94262572793514,36.01577882488933
경북,예천군,128.42238398749225,36.6538444912804
경북,울릉군,130.86394767039087,37.50179093577027
경북,울진군,129.31264143603232,36.90390224950615
경북,의성군,128.6150736766826,36.362044859568606
경북,청도군,128.78653041739705,35.67297719472463
경북,청송군,129.05738529602672,36.356974057933336
경북,칠곡군,128.46255981369376,36.0155246941134
경북,포항시 남구,129.43793783550103,35.95847779203778
경북,포항시 북구,129.2345267236947,36.16500493522448
광주,광산구,126.75288097953778,35.165028581432736
광주,남구,126.85676038494587,35.094080226777784
광주,동구,126.94944599002717,35.11738980148712
광주,북구,126.92548093667061,35.193238099043676
광주,서구,126.85067559783258,35.13570624333588
대구,남구,128.5853131462396,35.83509273329917
대구,달서구,128.52895434590917,35.827678144956636
대구,달성군,128.49828301246737,35.75956365203297
대구,동구,128.68561807538865,35.934458851064306
대구,북구,128.5773303892635,35.92880870159072
대구,서구,128.54964424167932,35.875106750859345
대구,수성구,128.66122410352853,35.83378402041348
대구,중구,128.59354562001178,35.86649270709993
대전,대덕구,127.44013396169254,36.412259039173776
대전,동구,127.4750327978595,36.32391180220117
대전,서구,127.3451571316681,36.28029292034834
대전,유성구,127.33323224273563,36.376765517051545
대전,중구,127.41110150706028,36.28080112418286
부산,강서구,128.89097815672832,35.13646219648352
부산,금정구,129.09153437078498,35.258887516123934
부산,기장군,129.20110728832498,35.297825457452745
부산,남구,129.0943836344257,35.12538242997172
부산,동구,129.04482605177387,35.12823819099939
부산,동래구,129.07916893082609,35.206211783761674
부산,부산진구,129.04303160626856,35.16529277184473
부산,북구,129.0234575199942,35.22928310790959
부산,사상구,128.98658716271382,35.15803232060727
부산,사하구,128.97041734701213,35.08593884318366
부산,서구,129.01495101738053,35.102682513014415
부산,수영구,129.11134966692694,35.16123241149849
부산,연제구,129.08298251275733,35.182389495946474
부산,영도구,129.06493074553126,35.07864581114839
부산,중구,129.03207115503812,35.10535909325841
부산,해운대구,129.15366435996424,35.193621668141496
서울,강남구,127.06298158019553,37.49665823808445
서울,강동구,127.14701213288426,37.550450312748005
서울,강북구,127.01119775462696,37.64346400728515
서울,강서구,126.82281425430887,37.56123433417243
서울,관악구,126.94533443456658,37.4673876540664
서울,광진구,127.0857443291013,37.54671747686967
서울,구로구,126.85631836012496,37.49440579531009
서울,금천구,126.90082565681594,37.460571859042034
서울,노원구,127.07504994460902,37.652506587398165
서울,도봉구,127.03237795134329,37.66910266946381
서울,동대문구,127.05487394648482,37.58200942794794
서울,동작구,126.95166870129658,37.498886425911664
서울,마포구,126.90826451787972,37.55931749796766
서울,서대문구,126.93906439440576,37.577789541020366
서울,서초구,127.03124786932379,37.473293776645704
서울,성동구,127.04105171689068,37.55102731748985
서울,성북구,127.01751567912757,37.60570250821068
서울,송파구,127.11529551425897,37.505614876250256
서울,양천구,126.85536941726662,37.52474022299258
서울,영등포구,126.91018183970043,37.52231194855649
서울,용산구,126.97991083570406,37.53136425812017
서울,은평구,126.92702215319134,37.61920935145105
서울,종로구,126.97732477368831,37.59491535122626
서울,중구,126.99591543369944,37.56013065521137
서울,중랑구,127.09288448363922,37.59781724062571
울산,남구,129.32989308875977,35.51478156817638
울산,동구,129.42627263715784,35.52527265408766
울산,북구,129.38002786990432,35.61002655739428
울산,울주군,129.18780015321232,35.54595227982258
울산,중구,129.30824543789254,35.571055485982626
인천,강화군,126.40228392009057,37.71249689298052
인천,계양구,126.73469701056749,37.55729673459202
인천,남구,126.66456469049714,37.45260880576739
인천,남동구,126.72645723662028,37.430911396970174
인천,동구,126.6393804229177,37.48327475655137
인천,부평구,126.72120915325877,37.49664041082308
인천,서구,126.65181602109338,37.559654243717276
인천,연수구,126.64879174373138,37.391536394098104
인천,옹진군,125.67594154337057,37.52316525046518
인천,중구,126.48402444386076,37.470532066226866
전남,강진군,126.77219738608927,34.62011380993038
전남,고흥군,127.31473569308585,34.59811544903762
전남,곡성군,127.26358188385761,35.21661352314743
전남,광양시,127.65605636632412,35.018907809046276
전남,구례군,127.50311922176905,35.23676617780859
전남,나주시,126.72041025029512,34.988589044358555
전남,담양군,126.99529096913032,35.291494670542356
전남,목포시,126.39015363513845,34.80258745170976
전남,무안군,126.4251092452614,34.95390227603814
전남,보성군,127.16248554897044,34.81421264743598
전남,순천시,127.38944121560232,34.994521149101914
전남,신안군,126.04263487409996,34.81000982584619
전남,여수시,127.65210534485897,34.69731912433901
전남,영광군,126.45047987191116,35.27891174753092
전남,영암군,126.62354864187844,34.79601647874793
전남,완도군,126.77770536752654,34.294540286492946
전남,장성군,126.7685531604007,35.32956882814481
전남,장흥군,126.92203828480629,34.674995908818
전남,진도군,126.21156679828141,34.436951343039574
전남,함평군,126.53546762187139,35.11266559653462
전남,해남군,126.51147347136809,34.55836201359808
전남,화순군,127.03343351316308,35.00818571842076
전북,고창군,126.61574549806065,35.44897069476713
전북,군산시,126.71629956531528,35.94907861282144
전북,김제시,126.89464660563348,35.80670050862453
전북,남원시,127.44188919978349,35.422545685932185
전북,무주군,127.712953057562,35.93936726804315
전북,부안군,126.63975742232623,35.68499490841966
전북,순창군,127.09008136400843,35.433631986011115
전북,완주군,127.2151098292605,35.91858334200786
전북,익산시,126.98951085274552,36.023105930656826
전북,임실군,127.23664209394764,35.59820302242345
전북,장수군,127.54425258232985,35.65745751808529
전북,전주시 덕진구,127.1117541010395,35.858322593894094
전북,전주시 완산구,127.12076534006181,35.791250514467364
전북,정읍시,126.90585453659335,35.602630845473435
전북,진안군,127.430032742409,35.82879687541821
제주,서귀포시,126.58096054451283,33.32442513242782
제주,제주시,126.5291169658464,33.44314298160919
충남,계룡시,127.23442635458638,36.29159358328218
충남,금산군,127.47831187189804,36.1190007904364
충남,논산시,127.15771686056833,36.190886899371165
충남,당진시,126.65223871892697,36.90449427010514
충남,보령시,126.59051386947188,36.3397757152492
충남,부여군,126.85696792053409,36.246383934890076
충남,서산시,126.46310466767316,36.78488899141014
충남,서천군,126.7035625552135,36.10676730718978
충남,아산시,126.98004633418206,36.80734330913863
충남,예산군,126.78431501630206,36.670622610929904
충남,천안시,127.20253902273808,36.804116312247515
충남,청양군,126.85311275519301,36.430582897967554
충남,태안군,126.27944816864358,36.70723620155463
충남,홍성군,126.62572070638439,36.57007012981775
충북,괴산군,127.82957492501365,36.76968873443021
충북,단양군,128.38784193608535,36.99444945709749
충북,보은군,127.72933512835809,36.48994936444203
충북,영동군,127.8142293024951,36.159658703736305
충북,옥천군,127.65655886364148,36.32045441610801
충북,음성군,127.61420747338086,36.97622265850501
충북,제천시,128.14095818411283,37.059910283687756
충북,증평군,127.60461881420818,36.786472828199784
충북,진천군,127.4404642865583,36.87099976311951
충북,충주시,127.89566232382093,37.015196901881055
