"cutoff_band","region","distance_km","shock_station","line","shock_year","baseline_hospital_no","baseline_doctor_no"
"0-10km","강원 강릉시",8.4,"강릉역","경강선(강릉선)",2018,103,330
"0-10km","강원 동해시",6.1,"동해역","영동선",2020,49,104
"0-10km","강원 원주시",6.1,"만종역","경강선(강릉선)",2018,157,609
"0-10km","경남 진주시",4.6,"진주역","경전선",2013,167,685
"0-10km","경남 창원시",4.4,"마산역","경전선",2011,558,1291
"0-10km","경북 경산시",7.5,"경산역","경부선",2013,122,250
"0-10km","경북 경주시",9.3,"신경주역","경부고속",2011,117,315
"0-10km","경북 안동시",4.8,"안동역","중앙선(도담-경주)",2021,77,229
"0-10km","경북 영주시",6.7,"풍기역","중앙선(도담-경주)",2021,60,87
"0-10km","광주 광산구",4.7,"광주송정역","호남고속",2015,158,415
"0-10km","광주 남구",7.7,"광주송정역","호남고속",2015,114,370
"0-10km","광주 서구",5.4,"광주송정역","호남고속",2015,191,402
"0-10km","대구 달서구",6.1,"서대구역","경부선",2022,332,620
"0-10km","울산 남구",3.6,"울산역","경부고속",2011,236,449
"0-10km","울산 동구",6.6,"울산역","경부고속",2011,85,317
"0-10km","울산 북구",8.2,"울산역","경부고속",2011,53,87
"0-10km","울산 중구",5.5,"울산역","경부고속",2011,100,220
"0-10km","전남 곡성군",8.3,"곡성역","전라선",2012,17,34
"0-10km","전남 구례군",9.3,"구례구역","전라선",2012,10,27
"0-10km","전남 나주시",2.8,"나주역","호남선",2015,54,138
"0-10km","전남 목포시",1.3,"목포역","호남선",2015,157,358
"0-10km","전남 여수시",7.9,"여천역","전라선",2012,132,287
"0-10km","전북 남원시",7.5,"남원역","전라선",2012,55,130
"0-10km","전북 완주군",9.1,"전주역","전라선",2012,34,64
"0-10km","전북 전주시 덕진구",4.6,"전주역","전라선",2012,171,643
"0-10km","전북 전주시 완산구",7.4,"전주역","전라선",2012,251,590
"0-10km","전북 정읍시",6.5,"정읍역","호남고속",2015,79,157
"0-10km","충북 단양군",4.6,"단양역","중앙선(도담-경주)",2021,9,22
"0-10km","충북 제천시",9.4,"제천역","중앙선(청량리-도담)",2021,79,125
"10-20km","경남 남해군",19.5,"여수엑스포역","전라선",2012,27,47
"10-20km","경남 사천시",15.5,"진주역","경전선",2013,56,116
"10-20km","경남 양산시",11.7,"물금역","경부선",2024,113,212
"10-20km","경남 함안군",14.6,"마산역","경전선",2011,31,59
"10-20km","경북 구미시",18.8,"김천(구미)역","경부고속",2011,189,381
"10-20km","경북 김천시",11,"김천(구미)역","경부고속",2011,63,144
"10-20km","경북 청도군",17.2,"경산역","경부선",2013,21,45
"10-20km","경북 칠곡군",16.4,"서대구역","경부선",2022,51,74
"10-20km","경북 포항시 남구",11.1,"포항역","동해선",2015,89,239
"10-20km","경북 포항시 북구",18.2,"포항역","동해선",2015,153,387
"10-20km","광주 동구",14.5,"광주송정역","호남고속",2015,139,954
"10-20km","광주 북구",13.6,"광주송정역","호남고속",2015,264,465
"10-20km","부산 기장군",19.7,"물금역","경부선",2024,36,64
"10-20km","울산 울주군",15.2,"울산역","경부고속",2011,58,139
"10-20km","전남 광양시",16.3,"순천역","전라선",2012,48,93
"10-20km","전남 무안군",18.4,"목포역","호남선",2015,31,61
"10-20km","전남 순천시",11.5,"순천역","전라선",2012,138,342
"10-20km","전남 함평군",19.9,"나주역","호남선",2015,18,51
"20-30km","강원 삼척시",24.5,"동해역","영동선",2020,28,54
"20-30km","강원 영월군",27.6,"제천역","중앙선(청량리-도담)",2021,15,42
"20-30km","강원 횡성군",23.3,"만종역","경강선(강릉선)",2018,14,23
"20-30km","경남 고성군",26.2,"진주역","경전선",2013,22,53
"20-30km","경남 산청군",27.6,"진주역","경전선",2013,13,31
"20-30km","경남 의령군",28.9,"진주역","경전선",2013,14,28
"20-30km","경남 하동군",29.9,"구례구역","전라선",2012,21,45
"20-30km","경북 고령군",26.5,"서대구역","경부선",2022,10,22
"20-30km","경북 성주군",23.4,"김천(구미)역","경부고속",2011,20,36
"20-30km","경북 영천시",29.9,"신경주역","경부고속",2011,59,118
"20-30km","경북 예천군",23.2,"영주역","중앙선(도담-경주)",2021,19,37
"20-30km","경북 의성군",24.5,"안동역","중앙선(도담-경주)",2021,24,55
"20-30km","전남 담양군",28.1,"곡성역","전라선",2012,28,63
"20-30km","전남 영암군",21.7,"목포역","호남선",2015,22,49
"20-30km","전남 장성군",21.4,"광주송정역","호남고속",2015,23,46
"20-30km","전남 해남군",28.2,"목포역","호남선",2015,41,97
"20-30km","전남 화순군",26.3,"광주송정역","호남고속",2015,34,214
"20-30km","전북 고창군",24.9,"정읍역","호남고속",2015,29,68
"20-30km","전북 부안군",22,"정읍역","호남고속",2015,34,73
"20-30km","전북 순창군",24.7,"남원역","전라선",2012,14,31
"20-30km","전북 임실군",23.6,"남원역","전라선",2012,15,39
"20-30km","전북 진안군",24.4,"전주역","전라선",2012,12,29
"20-30km","충남 청양군",24.4,"공주역","호남고속",2015,10,32
"20-30km","충북 진천군",29.4,"오송역","경부고속",2011,26,51
"30-40km","강원 양양군",37.8,"강릉역","경강선(강릉선)",2018,6,13
"30-40km","강원 정선군",36.5,"동해역","영동선",2020,11,32
"30-40km","강원 태백시",38.3,"동해역","영동선",2020,30,52
"30-40km","경남 함양군",36.3,"남원역","전라선",2012,20,40
"30-40km","경북 문경시",35.8,"단양역","중앙선(도담-경주)",2021,42,85
"30-40km","경북 봉화군",30.6,"영주역","중앙선(도담-경주)",2021,7,26
"30-40km","경북 상주시",36.5,"김천(구미)역","경부고속",2011,45,100
"30-40km","경북 영양군",39.9,"안동역","중앙선(도담-경주)",2021,3,12
"30-40km","경북 청송군",37.1,"안동역","중앙선(도담-경주)",2021,9,26
"30-40km","전남 고흥군",36.8,"여천역","전라선",2012,37,93
"30-40km","전남 보성군",34.2,"순천역","전라선",2012,27,59
"30-40km","전남 신안군",31.5,"목포역","호남선",2015,11,22
"30-40km","전남 영광군",34.8,"광주송정역","호남고속",2015,34,89
"30-40km","전북 장수군",32,"남원역","전라선",2012,8,19
"30-40km","충북 증평군",30.7,"오송역","경부고속",2011,19,24
"30-40km","충북 충주시",37.9,"만종역","경강선(강릉선)",2018,107,259
"40-50km","강원 평창군",43.3,"강릉역","경강선(강릉선)",2018,11,31
"40-50km","강원 홍천군",45.9,"만종역","경강선(강릉선)",2018,32,82
"40-50km","경남 거창군",49.1,"김천(구미)역","경부고속",2011,27,60
"40-50km","경남 통영시",49.1,"마산역","경전선",2011,67,101
"40-50km","경남 합천군",43.9,"진주역","경전선",2013,21,54
"40-50km","경북 영덕군",49.7,"포항역","동해선",2015,20,37
"40-50km","전남 강진군",40.1,"목포역","호남선",2015,20,48
"40-50km","전남 장흥군",42,"나주역","호남선",2015,26,54
"40-50km","전남 진도군",42.4,"목포역","호남선",2015,15,29
"40-50km","전북 무주군",46.4,"김천(구미)역","경부고속",2011,10,20
"40-50km","충북 괴산군",47.7,"오송역","경부고속",2011,15,33
